"id","artist","song","title","slug","url","issue","detail"
"5165","Ella Langley, Morgan Wallen","I Can't Love You Anymore","Ella Langley, Morgan Wallen I Can't Love You Anymore Türkçe Çeviri","ella-langley-i-can-t-love-you-anymore-turkce-ceviri","https://www.acupoflyrics.com/ella-langley-i-can-t-love-you-anymore-turkce-ceviri/","annotation_not_clickable_in_translation","anymore"
"5165","Ella Langley, Morgan Wallen","I Can't Love You Anymore","Ella Langley, Morgan Wallen I Can't Love You Anymore Türkçe Çeviri","ella-langley-i-can-t-love-you-anymore-turkce-ceviri","https://www.acupoflyrics.com/ella-langley-i-can-t-love-you-anymore-turkce-ceviri/","annotation_not_clickable_in_translation","dash"
"5165","Ella Langley, Morgan Wallen","I Can't Love You Anymore","Ella Langley, Morgan Wallen I Can't Love You Anymore Türkçe Çeviri","ella-langley-i-can-t-love-you-anymore-turkce-ceviri","https://www.acupoflyrics.com/ella-langley-i-can-t-love-you-anymore-turkce-ceviri/","annotation_not_clickable_in_translation","ghost"
"5165","Ella Langley, Morgan Wallen","I Can't Love You Anymore","Ella Langley, Morgan Wallen I Can't Love You Anymore Türkçe Çeviri","ella-langley-i-can-t-love-you-anymore-turkce-ceviri","https://www.acupoflyrics.com/ella-langley-i-can-t-love-you-anymore-turkce-ceviri/","annotation_not_clickable_in_translation","back of my mind"
"5164","CORTIS","REDRED","CORTIS REDRED Türkçe Çeviri","cortis-redred-turkce-ceviri","https://www.acupoflyrics.com/cortis-redred-turkce-ceviri/","english_gloss_inside_translation","Verse 1: Martin / satır 1: Sıcak vanilyamdan bir yudum (sip) (Woo)"
"5164","CORTIS","REDRED","CORTIS REDRED Türkçe Çeviri","cortis-redred-turkce-ceviri","https://www.acupoflyrics.com/cortis-redred-turkce-ceviri/","english_gloss_inside_translation","Verse 1: Martin / satır 3: Dün gece yaptığım o ritmi (beat) (Beat)"
"5164","CORTIS","REDRED","CORTIS REDRED Türkçe Çeviri","cortis-redred-turkce-ceviri","https://www.acupoflyrics.com/cortis-redred-turkce-ceviri/","english_gloss_inside_translation","Pre-Chorus: Keonho, James, Martin / satır 5: Hepsini ekibimle (team) yapacağım"
"5164","CORTIS","REDRED","CORTIS REDRED Türkçe Çeviri","cortis-redred-turkce-ceviri","https://www.acupoflyrics.com/cortis-redred-turkce-ceviri/","english_gloss_inside_translation","Verse 2: Seonghyeon, Juhoon, Keonho, Martin / satır 3: Gün geçtikçe kalabalıklaşıyor tayfa (pack)"
"5164","CORTIS","REDRED","CORTIS REDRED Türkçe Çeviri","cortis-redred-turkce-ceviri","https://www.acupoflyrics.com/cortis-redred-turkce-ceviri/","annotation_not_clickable_in_translation","Ttabara"
"5164","CORTIS","REDRED","CORTIS REDRED Türkçe Çeviri","cortis-redred-turkce-ceviri","https://www.acupoflyrics.com/cortis-redred-turkce-ceviri/","annotation_not_clickable_in_translation","Pallanggwi"
"5164","CORTIS","REDRED","CORTIS REDRED Türkçe Çeviri","cortis-redred-turkce-ceviri","https://www.acupoflyrics.com/cortis-redred-turkce-ceviri/","annotation_not_clickable_in_translation","Cookin' up 'til we get stinky"
"5164","CORTIS","REDRED","CORTIS REDRED Türkçe Çeviri","cortis-redred-turkce-ceviri","https://www.acupoflyrics.com/cortis-redred-turkce-ceviri/","annotation_not_clickable_in_translation","red flag"
"5164","CORTIS","REDRED","CORTIS REDRED Türkçe Çeviri","cortis-redred-turkce-ceviri","https://www.acupoflyrics.com/cortis-redred-turkce-ceviri/","annotation_not_clickable_in_translation","Nunchi"
"5164","CORTIS","REDRED","CORTIS REDRED Türkçe Çeviri","cortis-redred-turkce-ceviri","https://www.acupoflyrics.com/cortis-redred-turkce-ceviri/","annotation_not_clickable_in_translation","Dogani sarigi"
"5159","Shabjdeed, SMOKAHOLIC","SLV","Shabjdeed, SMOKAHOLIC SLV Türkçe Çeviri","shabjdeed-smokaholic-slv-turkce-ceviri","https://www.acupoflyrics.com/shabjdeed-smokaholic-slv-turkce-ceviri/","annotation_not_clickable_in_translation","SLV"
"5159","Shabjdeed, SMOKAHOLIC","SLV","Shabjdeed, SMOKAHOLIC SLV Türkçe Çeviri","shabjdeed-smokaholic-slv-turkce-ceviri","https://www.acupoflyrics.com/shabjdeed-smokaholic-slv-turkce-ceviri/","annotation_not_clickable_in_translation","Saint Levant / Saint Kadınlar"
"5158","Justin Bieber, Ludacris","Baby","Justin Bieber, Ludacris Baby Türkçe Çeviri","justin-bieber-ludacris-baby-turkce-ceviri","https://www.acupoflyrics.com/justin-bieber-ludacris-baby-turkce-ceviri/","annotation_not_clickable_in_translation","starstruck"
"5157","Taylor Swift","I Knew It, I Knew You","Taylor Swift I Knew It, I Knew You Türkçe Çeviri","taylor-swift-i-knew-it-i-knew-you-turkce-ceviri","https://www.acupoflyrics.com/taylor-swift-i-knew-it-i-knew-you-turkce-ceviri/","annotation_not_clickable_in_translation","Daze / blades"
"5157","Taylor Swift","I Knew It, I Knew You","Taylor Swift I Knew It, I Knew You Türkçe Çeviri","taylor-swift-i-knew-it-i-knew-you-turkce-ceviri","https://www.acupoflyrics.com/taylor-swift-i-knew-it-i-knew-you-turkce-ceviri/","annotation_not_clickable_in_translation","I knew it, I knew you"
"5157","Taylor Swift","I Knew It, I Knew You","Taylor Swift I Knew It, I Knew You Türkçe Çeviri","taylor-swift-i-knew-it-i-knew-you-turkce-ceviri","https://www.acupoflyrics.com/taylor-swift-i-knew-it-i-knew-you-turkce-ceviri/","annotation_not_clickable_in_translation","Mood ring"
"5156","Sam Fender, Olivia Dean","Rein Me In","Sam Fender, Olivia Dean Rein Me In Türkçe Çeviri","sam-fender-olivia-dean-rein-me-in-turkce-ceviri","https://www.acupoflyrics.com/sam-fender-olivia-dean-rein-me-in-turkce-ceviri/","annotation_not_clickable_in_translation","Ghosts and carcasses"
"5156","Sam Fender, Olivia Dean","Rein Me In","Sam Fender, Olivia Dean Rein Me In Türkçe Çeviri","sam-fender-olivia-dean-rein-me-in-turkce-ceviri","https://www.acupoflyrics.com/sam-fender-olivia-dean-rein-me-in-turkce-ceviri/","annotation_not_clickable_in_translation","Rein me in"
"5156","Sam Fender, Olivia Dean","Rein Me In","Sam Fender, Olivia Dean Rein Me In Türkçe Çeviri","sam-fender-olivia-dean-rein-me-in-turkce-ceviri","https://www.acupoflyrics.com/sam-fender-olivia-dean-rein-me-in-turkce-ceviri/","annotation_not_clickable_in_translation","Tinnitus"
"5156","Sam Fender, Olivia Dean","Rein Me In","Sam Fender, Olivia Dean Rein Me In Türkçe Çeviri","sam-fender-olivia-dean-rein-me-in-turkce-ceviri","https://www.acupoflyrics.com/sam-fender-olivia-dean-rein-me-in-turkce-ceviri/","annotation_not_clickable_in_translation","Chewing everyone's lugs off"
"5155","ANOTR, 54 Ultra","Talk To You","ANOTR, 54 Ultra Talk To You Türkçe Çeviri","anotr-54-ultra-talk-to-you-turkce-ceviri","https://www.acupoflyrics.com/anotr-54-ultra-talk-to-you-turkce-ceviri/","annotation_not_clickable_in_translation","Take you higher"
"5154","STELLA LEFTY","Boston","STELLA LEFTY Boston Türkçe Çeviri","stella-lefty-boston-turkce-ceviri","https://www.acupoflyrics.com/stella-lefty-boston-turkce-ceviri/","annotation_not_clickable_in_translation","Jumping the gun"
"5154","STELLA LEFTY","Boston","STELLA LEFTY Boston Türkçe Çeviri","stella-lefty-boston-turkce-ceviri","https://www.acupoflyrics.com/stella-lefty-boston-turkce-ceviri/","annotation_not_clickable_in_translation","Along for the ride"
"5153","SIENNA SPIRO","Great Expectation","SIENNA SPIRO Great Expectation Türkçe Çeviri","sienna-spiro-great-expectation-turkce-ceviri","https://www.acupoflyrics.com/sienna-spiro-great-expectation-turkce-ceviri/","annotation_not_clickable_in_translation","Great expectation"
"5153","SIENNA SPIRO","Great Expectation","SIENNA SPIRO Great Expectation Türkçe Çeviri","sienna-spiro-great-expectation-turkce-ceviri","https://www.acupoflyrics.com/sienna-spiro-great-expectation-turkce-ceviri/","annotation_not_clickable_in_translation","Tracks of my tears"
"5151","Red Velvet","Surfin' Boy","Red Velvet Surfin' Boy Türkçe Çeviri","red-velvet-surfin-boy-turkce-ceviri","https://www.acupoflyrics.com/red-velvet-surfin-boy-turkce-ceviri/","annotation_not_clickable_in_translation","Rock the boat"
"5150","Red Velvet","Hot Girls Cold Vibe","Red Velvet Hot Girls Cold Vibe Türkçe Çeviri","red-velvet-hot-girls-cold-vibe-turkce-ceviri","https://www.acupoflyrics.com/red-velvet-hot-girls-cold-vibe-turkce-ceviri/","annotation_not_clickable_in_translation","Hot girls, cold vibe"
"5149","Red Velvet","Orchestra","Red Velvet Orchestra Türkçe Çeviri","red-velvet-orchestra-turkce-ceviri","https://www.acupoflyrics.com/red-velvet-orchestra-turkce-ceviri/","annotation_not_clickable_in_translation","A 440 / pavane"
"5149","Red Velvet","Orchestra","Red Velvet Orchestra Türkçe Çeviri","red-velvet-orchestra-turkce-ceviri","https://www.acupoflyrics.com/red-velvet-orchestra-turkce-ceviri/","annotation_not_clickable_in_translation","Clara ve Robert"
"5149","Red Velvet","Orchestra","Red Velvet Orchestra Türkçe Çeviri","red-velvet-orchestra-turkce-ceviri","https://www.acupoflyrics.com/red-velvet-orchestra-turkce-ceviri/","annotation_not_clickable_in_translation","Ad astra"
"5149","Red Velvet","Orchestra","Red Velvet Orchestra Türkçe Çeviri","red-velvet-orchestra-turkce-ceviri","https://www.acupoflyrics.com/red-velvet-orchestra-turkce-ceviri/","annotation_not_clickable_in_translation","Poco a poco crescendo / molto appassionato"
"5147","Red Velvet","Hawaii","Red Velvet Hawaii Türkçe Çeviri","red-velvet-hawaii-turkce-ceviri","https://www.acupoflyrics.com/red-velvet-hawaii-turkce-ceviri/","annotation_not_clickable_in_translation","Kelebek"
"5146","BABYMONSTER","MOON","BABYMONSTER MOON Türkçe Çeviri","babymonster-moon-turkce-ceviri","https://www.acupoflyrics.com/babymonster-moon-turkce-ceviri/","annotation_not_clickable_in_translation","Gelgitlerin kraliçesi"
"5146","BABYMONSTER","MOON","BABYMONSTER MOON Türkçe Çeviri","babymonster-moon-turkce-ceviri","https://www.acupoflyrics.com/babymonster-moon-turkce-ceviri/","annotation_not_clickable_in_translation","Bars / dough"
"5135","Davido","Julie","Davido Julie Türkçe Çeviri","davido-julie-turkce-ceviri","https://www.acupoflyrics.com/davido-julie-turkce-ceviri/","annotation_not_clickable_in_translation","Konji"
"5134","Davido, Black Sherif","Amazing Grace","Davido, Black Sherif Amazing Grace Türkçe Çeviri","davido-black-sherif-amazing-grace-turkce-ceviri","https://www.acupoflyrics.com/davido-black-sherif-amazing-grace-turkce-ceviri/","english_gloss_inside_translation","Chorus: Davido / satır 4: Benim biricik, (biricik) oh, tek ve biricik aşkımsın"
"5134","Davido, Black Sherif","Amazing Grace","Davido, Black Sherif Amazing Grace Türkçe Çeviri","davido-black-sherif-amazing-grace-turkce-ceviri","https://www.acupoflyrics.com/davido-black-sherif-amazing-grace-turkce-ceviri/","english_gloss_inside_translation","Chorus: Davido / satır 4: Benim biricik, (biricik) oh, tek ve biricik aşkımsın"
"5131","Tones And I","Home To Me","Tones And I Home To Me Türkçe Çeviri","tones-and-i-home-to-me-turkce-ceviri","https://www.acupoflyrics.com/tones-and-i-home-to-me-turkce-ceviri/","annotation_not_clickable_in_translation","Home to me"
"5128","Shaboozey","Coyotes Point","Shaboozey Coyotes Point Türkçe Çeviri","shaboozey-coyotes-point-turkce-ceviri","https://www.acupoflyrics.com/shaboozey-coyotes-point-turkce-ceviri/","annotation_not_clickable_in_translation","Moonshine"
"5124","Shaboozey","Bounty On My Head","Shaboozey Bounty On My Head Türkçe Çeviri","shaboozey-bounty-on-my-head-turkce-ceviri","https://www.acupoflyrics.com/shaboozey-bounty-on-my-head-turkce-ceviri/","annotation_not_clickable_in_translation","Günahın bedeli ölümdür”, İncil'deki Romalılar 6"
"5121","Shaboozey, Kehlani","Bullets & Blades","Shaboozey, Kehlani Bullets & Blades Türkçe Çeviri","shaboozey-kehlani-bullets-blades-turkce-ceviri","https://www.acupoflyrics.com/shaboozey-kehlani-bullets-blades-turkce-ceviri/","annotation_not_clickable_in_translation","Centerfold"
"5117","Shaboozey, Leon Bridges","Burn It Down","Shaboozey, Leon Bridges Burn It Down Türkçe Çeviri","shaboozey-leon-bridges-burn-it-down-turkce-ceviri","https://www.acupoflyrics.com/shaboozey-leon-bridges-burn-it-down-turkce-ceviri/","annotation_not_clickable_in_translation","Solace / shotgun"
"5117","Shaboozey, Leon Bridges","Burn It Down","Shaboozey, Leon Bridges Burn It Down Türkçe Çeviri","shaboozey-leon-bridges-burn-it-down-turkce-ceviri","https://www.acupoflyrics.com/shaboozey-leon-bridges-burn-it-down-turkce-ceviri/","annotation_not_clickable_in_translation","Take the high road"
"5116","Shaboozey","Cowgirl","Shaboozey Cowgirl Türkçe Çeviri","shaboozey-cowgirl-turkce-ceviri","https://www.acupoflyrics.com/shaboozey-cowgirl-turkce-ceviri/","annotation_not_clickable_in_translation","Nine to five / Dolly"
"5116","Shaboozey","Cowgirl","Shaboozey Cowgirl Türkçe Çeviri","shaboozey-cowgirl-turkce-ceviri","https://www.acupoflyrics.com/shaboozey-cowgirl-turkce-ceviri/","annotation_not_clickable_in_translation","Backshots / shots"
"5116","Shaboozey","Cowgirl","Shaboozey Cowgirl Türkçe Çeviri","shaboozey-cowgirl-turkce-ceviri","https://www.acupoflyrics.com/shaboozey-cowgirl-turkce-ceviri/","annotation_not_clickable_in_translation","Shotgunning beers"
"5115","Shaboozey","If I Was An Outlaw","Shaboozey If I Was An Outlaw Türkçe Çeviri","shaboozey-if-i-was-an-outlaw-turkce-ceviri","https://www.acupoflyrics.com/shaboozey-if-i-was-an-outlaw-turkce-ceviri/","annotation_not_clickable_in_translation","Six-iron"
"5114","Shaboozey","Sweet Revenge","Shaboozey Sweet Revenge Türkçe Çeviri","shaboozey-sweet-revenge-turkce-ceviri","https://www.acupoflyrics.com/shaboozey-sweet-revenge-turkce-ceviri/","annotation_not_clickable_in_translation","Sweet revenge"
"5114","Shaboozey","Sweet Revenge","Shaboozey Sweet Revenge Türkçe Çeviri","shaboozey-sweet-revenge-turkce-ceviri","https://www.acupoflyrics.com/shaboozey-sweet-revenge-turkce-ceviri/","annotation_not_clickable_in_translation","Teach that boy a new dance"
"5113","Shaboozey, Jamie Foxx","Hell Is Hot","Shaboozey, Jamie Foxx Hell Is Hot Türkçe Çeviri","shaboozey-jamie-foxx-hell-is-hot-turkce-ceviri","https://www.acupoflyrics.com/shaboozey-jamie-foxx-hell-is-hot-turkce-ceviri/","annotation_not_clickable_in_translation","Hot gun / cold body / cold cell"
"5112","Shaboozey, Gunna","High Noon","Shaboozey, Gunna High Noon Türkçe Çeviri","shaboozey-gunna-high-noon-turkce-ceviri","https://www.acupoflyrics.com/shaboozey-gunna-high-noon-turkce-ceviri/","annotation_not_clickable_in_translation","Shot / fifth"
"5112","Shaboozey, Gunna","High Noon","Shaboozey, Gunna High Noon Türkçe Çeviri","shaboozey-gunna-high-noon-turkce-ceviri","https://www.acupoflyrics.com/shaboozey-gunna-high-noon-turkce-ceviri/","annotation_not_clickable_in_translation","Crossroads"
"5112","Shaboozey, Gunna","High Noon","Shaboozey, Gunna High Noon Türkçe Çeviri","shaboozey-gunna-high-noon-turkce-ceviri","https://www.acupoflyrics.com/shaboozey-gunna-high-noon-turkce-ceviri/","annotation_not_clickable_in_translation","High noon"
"5112","Shaboozey, Gunna","High Noon","Shaboozey, Gunna High Noon Türkçe Çeviri","shaboozey-gunna-high-noon-turkce-ceviri","https://www.acupoflyrics.com/shaboozey-gunna-high-noon-turkce-ceviri/","annotation_not_clickable_in_translation","Jack / hundred proof"
"5112","Shaboozey, Gunna","High Noon","Shaboozey, Gunna High Noon Türkçe Çeviri","shaboozey-gunna-high-noon-turkce-ceviri","https://www.acupoflyrics.com/shaboozey-gunna-high-noon-turkce-ceviri/","annotation_not_clickable_in_translation","Didn't have a pot to piss in"
"5111","Shaboozey","Til Sunday","Shaboozey Til Sunday Türkçe Çeviri","shaboozey-til-sunday-turkce-ceviri","https://www.acupoflyrics.com/shaboozey-til-sunday-turkce-ceviri/","annotation_not_clickable_in_translation","Kansas / wanted poster / John Wayne"
"5111","Shaboozey","Til Sunday","Shaboozey Til Sunday Türkçe Çeviri","shaboozey-til-sunday-turkce-ceviri","https://www.acupoflyrics.com/shaboozey-til-sunday-turkce-ceviri/","annotation_not_clickable_in_translation","Recoup the advances"
"5111","Shaboozey","Til Sunday","Shaboozey Til Sunday Türkçe Çeviri","shaboozey-til-sunday-turkce-ceviri","https://www.acupoflyrics.com/shaboozey-til-sunday-turkce-ceviri/","annotation_not_clickable_in_translation","Deal with the devil"
"5111","Shaboozey","Til Sunday","Shaboozey Til Sunday Türkçe Çeviri","shaboozey-til-sunday-turkce-ceviri","https://www.acupoflyrics.com/shaboozey-til-sunday-turkce-ceviri/","annotation_not_clickable_in_translation","This town ain't big enough"
"5111","Shaboozey","Til Sunday","Shaboozey Til Sunday Türkçe Çeviri","shaboozey-til-sunday-turkce-ceviri","https://www.acupoflyrics.com/shaboozey-til-sunday-turkce-ceviri/","annotation_not_clickable_in_translation","Patience short / paper long"
"5110","Shaboozey, Jamie Foxx","The Outlaw Cherie Lee","Shaboozey, Jamie Foxx The Outlaw Cherie Lee Türkçe Çeviri","shaboozey-jamie-foxx-the-outlaw-cherie-lee-turkce-ceviri","https://www.acupoflyrics.com/shaboozey-jamie-foxx-the-outlaw-cherie-lee-turkce-ceviri/","annotation_not_clickable_in_translation","Gun smoke"
"5110","Shaboozey, Jamie Foxx","The Outlaw Cherie Lee","Shaboozey, Jamie Foxx The Outlaw Cherie Lee Türkçe Çeviri","shaboozey-jamie-foxx-the-outlaw-cherie-lee-turkce-ceviri","https://www.acupoflyrics.com/shaboozey-jamie-foxx-the-outlaw-cherie-lee-turkce-ceviri/","annotation_not_clickable_in_translation","You won't ever die again"
"5109","Arca","Sueño","Arca Sueño Türkçe Çeviri","arca-suen-o-turkce-ceviri","https://www.acupoflyrics.com/arca-suen-o-turkce-ceviri/","annotation_not_clickable_in_translation","Sueño"
"5108","Arca","Everything","Arca Everything Türkçe Çeviri","arca-everything-turkce-ceviri","https://www.acupoflyrics.com/arca-everything-turkce-ceviri/","annotation_not_clickable_in_translation","Everything"
"5107","Arca","Throb","Arca Throb Türkçe Çeviri","arca-throb-turkce-ceviri","https://www.acupoflyrics.com/arca-throb-turkce-ceviri/","annotation_not_clickable_in_translation","Throb"
"5106","Arca","Enraptured","Arca Enraptured Türkçe Çeviri","arca-enraptured-turkce-ceviri","https://www.acupoflyrics.com/arca-enraptured-turkce-ceviri/","annotation_not_clickable_in_translation","Enraptured"
"5105","Arca","Grip","Arca Grip Türkçe Çeviri","arca-grip-turkce-ceviri","https://www.acupoflyrics.com/arca-grip-turkce-ceviri/","annotation_not_clickable_in_translation","Grip"
"5104","Arca","Futurality","Arca Futurality Türkçe Çeviri","arca-futurality-turkce-ceviri","https://www.acupoflyrics.com/arca-futurality-turkce-ceviri/","annotation_not_clickable_in_translation","Futurality"
"5103","Arca","Taconeando","Arca Taconeando Türkçe Çeviri","arca-taconeando-turkce-ceviri","https://www.acupoflyrics.com/arca-taconeando-turkce-ceviri/","annotation_not_clickable_in_translation","Que me venga"
"5103","Arca","Taconeando","Arca Taconeando Türkçe Çeviri","arca-taconeando-turkce-ceviri","https://www.acupoflyrics.com/arca-taconeando-turkce-ceviri/","annotation_not_clickable_in_translation","Taconeando"
"5102","Arca","Finisher","Arca Finisher Türkçe Çeviri","arca-finisher-turkce-ceviri","https://www.acupoflyrics.com/arca-finisher-turkce-ceviri/","annotation_not_clickable_in_translation","Ponte perra"
"5101","Arca","Fxck","Arca Fxck Türkçe Çeviri","arca-fxck-turkce-ceviri","https://www.acupoflyrics.com/arca-fxck-turkce-ceviri/","annotation_not_clickable_in_translation","I'm the shit"
"5101","Arca","Fxck","Arca Fxck Türkçe Çeviri","arca-fxck-turkce-ceviri","https://www.acupoflyrics.com/arca-fxck-turkce-ceviri/","annotation_not_clickable_in_translation","Kill the father"
"5100","Arca","Cinch","Arca Cinch Türkçe Çeviri","arca-cinch-turkce-ceviri","https://www.acupoflyrics.com/arca-cinch-turkce-ceviri/","annotation_not_clickable_in_translation","Polyrhythmic / fractal scales"
"5099","Arca","Raver","Arca Raver Türkçe Çeviri","arca-raver-turkce-ceviri","https://www.acupoflyrics.com/arca-raver-turkce-ceviri/","annotation_not_clickable_in_translation","Raver"
"5098","Arca","Syncope","Arca Syncope Türkçe Çeviri","arca-syncope-turkce-ceviri","https://www.acupoflyrics.com/arca-syncope-turkce-ceviri/","annotation_not_clickable_in_translation","Syncope"
"5097","Arca","Heart","Arca Heart Türkçe Çeviri","arca-heart-turkce-ceviri","https://www.acupoflyrics.com/arca-heart-turkce-ceviri/","annotation_not_clickable_in_translation","Transmutar"
"5096","Arca","Eidolon","Arca Eidolon Türkçe Çeviri","arca-eidolon-turkce-ceviri","https://www.acupoflyrics.com/arca-eidolon-turkce-ceviri/","annotation_not_clickable_in_translation","Arde Troya"
"5096","Arca","Eidolon","Arca Eidolon Türkçe Çeviri","arca-eidolon-turkce-ceviri","https://www.acupoflyrics.com/arca-eidolon-turkce-ceviri/","annotation_not_clickable_in_translation","Eidolon"
"5095","Arca","Willow","Arca Willow Türkçe Çeviri","arca-willow-turkce-ceviri","https://www.acupoflyrics.com/arca-willow-turkce-ceviri/","annotation_not_clickable_in_translation","Willow"
"5094","Arca","No End","Arca No End Türkçe Çeviri","arca-no-end-turkce-ceviri","https://www.acupoflyrics.com/arca-no-end-turkce-ceviri/","annotation_not_clickable_in_translation","Threshold"
"5094","Arca","No End","Arca No End Türkçe Çeviri","arca-no-end-turkce-ceviri","https://www.acupoflyrics.com/arca-no-end-turkce-ceviri/","annotation_not_clickable_in_translation","Cauterizing with kissing"
"5093","BE:FIRST, Flo Milli, ATL Jacob","BRUCE WAYNE","BE:FIRST, Flo Milli, ATL Jacob BRUCE WAYNE Türkçe Çeviri","be-first-flo-milli-atl-jacob-bruce-wayne-turkce-ceviri","https://www.acupoflyrics.com/be-first-flo-milli-atl-jacob-bruce-wayne-turkce-ceviri/","annotation_not_clickable_in_translation","Giuseppe's on his neck"
"5093","BE:FIRST, Flo Milli, ATL Jacob","BRUCE WAYNE","BE:FIRST, Flo Milli, ATL Jacob BRUCE WAYNE Türkçe Çeviri","be-first-flo-milli-atl-jacob-bruce-wayne-turkce-ceviri","https://www.acupoflyrics.com/be-first-flo-milli-atl-jacob-bruce-wayne-turkce-ceviri/","annotation_not_clickable_in_translation","Cookie"
"5090","Swedish House Mafia, Lykke Li","Happiness Is So Sad","Swedish House Mafia, Lykke Li Happiness Is So Sad Türkçe Çeviri","swedish-house-mafia-lykke-li-happiness-is-so-sad-turkce-ceviri","https://www.acupoflyrics.com/swedish-house-mafia-lykke-li-happiness-is-so-sad-turkce-ceviri/","annotation_not_clickable_in_translation","Happiness is so sad"
"5089","SB19","LAWLESS","SB19 LAWLESS Türkçe Çeviri","sb19-lawless-turkce-ceviri","https://www.acupoflyrics.com/sb19-lawless-turkce-ceviri/","annotation_not_clickable_in_translation","Mangangabo, mga bano"
"5088","Logic","A Man Free","Logic A Man Free Türkçe Çeviri","logic-a-man-free-turkce-ceviri","https://www.acupoflyrics.com/logic-a-man-free-turkce-ceviri/","annotation_not_clickable_in_translation","TEC / echoes"
"5088","Logic","A Man Free","Logic A Man Free Türkçe Çeviri","logic-a-man-free-turkce-ceviri","https://www.acupoflyrics.com/logic-a-man-free-turkce-ceviri/","annotation_not_clickable_in_translation","Bars / imprisoned"
"5088","Logic","A Man Free","Logic A Man Free Türkçe Çeviri","logic-a-man-free-turkce-ceviri","https://www.acupoflyrics.com/logic-a-man-free-turkce-ceviri/","annotation_not_clickable_in_translation","Safeway / cream"
"5088","Logic","A Man Free","Logic A Man Free Türkçe Çeviri","logic-a-man-free-turkce-ceviri","https://www.acupoflyrics.com/logic-a-man-free-turkce-ceviri/","annotation_not_clickable_in_translation","Red Rocks / bedrock"
"5088","Logic","A Man Free","Logic A Man Free Türkçe Çeviri","logic-a-man-free-turkce-ceviri","https://www.acupoflyrics.com/logic-a-man-free-turkce-ceviri/","annotation_not_clickable_in_translation","Space Dandy / Adult Swim / The Revenant"
"5088","Logic","A Man Free","Logic A Man Free Türkçe Çeviri","logic-a-man-free-turkce-ceviri","https://www.acupoflyrics.com/logic-a-man-free-turkce-ceviri/","annotation_not_clickable_in_translation","More, no Mandy"
"5087","Ari Lennox","Hookah Baby","Ari Lennox Hookah Baby Türkçe Çeviri","ari-lennox-hookah-baby-turkce-ceviri","https://www.acupoflyrics.com/ari-lennox-hookah-baby-turkce-ceviri/","annotation_not_clickable_in_translation","All on ten"
"5085","Skilla Baby","Show Me Love","Skilla Baby Show Me Love Türkçe Çeviri","skilla-baby-show-me-love-turkce-ceviri","https://www.acupoflyrics.com/skilla-baby-show-me-love-turkce-ceviri/","annotation_not_clickable_in_translation","Raq / Chiraq"
"5085","Skilla Baby","Show Me Love","Skilla Baby Show Me Love Türkçe Çeviri","skilla-baby-show-me-love-turkce-ceviri","https://www.acupoflyrics.com/skilla-baby-show-me-love-turkce-ceviri/","annotation_not_clickable_in_translation","A 'bow"
"5085","Skilla Baby","Show Me Love","Skilla Baby Show Me Love Türkçe Çeviri","skilla-baby-show-me-love-turkce-ceviri","https://www.acupoflyrics.com/skilla-baby-show-me-love-turkce-ceviri/","annotation_not_clickable_in_translation","Give me the chair"
"5084","CORTIS, Juicy J","MOTION","CORTIS, Juicy J MOTION Türkçe Çeviri","cortis-juicy-j-motion-turkce-ceviri","https://www.acupoflyrics.com/cortis-juicy-j-motion-turkce-ceviri/","annotation_not_clickable_in_translation","Keep it P"
"5084","CORTIS, Juicy J","MOTION","CORTIS, Juicy J MOTION Türkçe Çeviri","cortis-juicy-j-motion-turkce-ceviri","https://www.acupoflyrics.com/cortis-juicy-j-motion-turkce-ceviri/","annotation_not_clickable_in_translation","Motion"
"5084","CORTIS, Juicy J","MOTION","CORTIS, Juicy J MOTION Türkçe Çeviri","cortis-juicy-j-motion-turkce-ceviri","https://www.acupoflyrics.com/cortis-juicy-j-motion-turkce-ceviri/","annotation_not_clickable_in_translation","Sprinter / Spectre"
"5084","CORTIS, Juicy J","MOTION","CORTIS, Juicy J MOTION Türkçe Çeviri","cortis-juicy-j-motion-turkce-ceviri","https://www.acupoflyrics.com/cortis-juicy-j-motion-turkce-ceviri/","annotation_not_clickable_in_translation","Skeleton AP / brain freeze"
"5084","CORTIS, Juicy J","MOTION","CORTIS, Juicy J MOTION Türkçe Çeviri","cortis-juicy-j-motion-turkce-ceviri","https://www.acupoflyrics.com/cortis-juicy-j-motion-turkce-ceviri/","annotation_not_clickable_in_translation","Getting cake"
"5083","mgk, 千葉雄喜","JJK","mgk, 千葉雄喜 JJK Türkçe Çeviri","mgk-jjk-turkce-ceviri","https://www.acupoflyrics.com/mgk-jjk-turkce-ceviri/","annotation_not_clickable_in_translation","Daijoubu, boku, saikyou dakara"
"5083","mgk, 千葉雄喜","JJK","mgk, 千葉雄喜 JJK Türkçe Çeviri","mgk-jjk-turkce-ceviri","https://www.acupoflyrics.com/mgk-jjk-turkce-ceviri/","annotation_not_clickable_in_translation","JJK evreni"
"5083","mgk, 千葉雄喜","JJK","mgk, 千葉雄喜 JJK Türkçe Çeviri","mgk-jjk-turkce-ceviri","https://www.acupoflyrics.com/mgk-jjk-turkce-ceviri/","annotation_not_clickable_in_translation","Solo Leveling / Neon Genesis / DBZ"
"5083","mgk, 千葉雄喜","JJK","mgk, 千葉雄喜 JJK Türkçe Çeviri","mgk-jjk-turkce-ceviri","https://www.acupoflyrics.com/mgk-jjk-turkce-ceviri/","annotation_not_clickable_in_translation","Ryouiki tenkai"
"5083","mgk, 千葉雄喜","JJK","mgk, 千葉雄喜 JJK Türkçe Çeviri","mgk-jjk-turkce-ceviri","https://www.acupoflyrics.com/mgk-jjk-turkce-ceviri/","annotation_not_clickable_in_translation","Luffy, Coji-Coji, Leorio"
"5082","Mark Tuan","Alone","Mark Tuan Alone Türkçe Çeviri","mark-tuan-alone-turkce-ceviri","https://www.acupoflyrics.com/mark-tuan-alone-turkce-ceviri/","annotation_not_clickable_in_translation","Pressure taking tolls / tax me"
"5082","Mark Tuan","Alone","Mark Tuan Alone Türkçe Çeviri","mark-tuan-alone-turkce-ceviri","https://www.acupoflyrics.com/mark-tuan-alone-turkce-ceviri/","annotation_not_clickable_in_translation","Scottie, beam me up"
"5081","no na","honk!","no na honk! Türkçe Çeviri","no-na-honk-turkce-ceviri","https://www.acupoflyrics.com/no-na-honk-turkce-ceviri/","annotation_not_clickable_in_translation","Om, telolet, om"
"5081","no na","honk!","no na honk! Türkçe Çeviri","no-na-honk-turkce-ceviri","https://www.acupoflyrics.com/no-na-honk-turkce-ceviri/","annotation_not_clickable_in_translation","Junk in the trunk"
"5081","no na","honk!","no na honk! Türkçe Çeviri","no-na-honk-turkce-ceviri","https://www.acupoflyrics.com/no-na-honk-turkce-ceviri/","annotation_not_clickable_in_translation","Kakak-adek"
"5081","no na","honk!","no na honk! Türkçe Çeviri","no-na-honk-turkce-ceviri","https://www.acupoflyrics.com/no-na-honk-turkce-ceviri/","annotation_not_clickable_in_translation","Centil"
"5081","no na","honk!","no na honk! Türkçe Çeviri","no-na-honk-turkce-ceviri","https://www.acupoflyrics.com/no-na-honk-turkce-ceviri/","annotation_not_clickable_in_translation","Sabang sampai Merauke"
"5080","Ellie Goulding","4 Seasons","Ellie Goulding 4 Seasons Türkçe Çeviri","ellie-goulding-4-seasons-turkce-ceviri","https://www.acupoflyrics.com/ellie-goulding-4-seasons-turkce-ceviri/","annotation_not_clickable_in_translation","Put the damn key in"
"5079","INJI","BRIGHT IDEAS","INJI BRIGHT IDEAS Türkçe Çeviri","inji-bright-ideas-turkce-ceviri","https://www.acupoflyrics.com/inji-bright-ideas-turkce-ceviri/","annotation_not_clickable_in_translation","Sub-tweeting"
"5079","INJI","BRIGHT IDEAS","INJI BRIGHT IDEAS Türkçe Çeviri","inji-bright-ideas-turkce-ceviri","https://www.acupoflyrics.com/inji-bright-ideas-turkce-ceviri/","annotation_not_clickable_in_translation","Red on the meter"
"5078","Slayyyter","brand new chanel$","Slayyyter brand new chanel$ Türkçe Çeviri","slayyyter-brand-new-chanel-turkce-ceviri","https://www.acupoflyrics.com/slayyyter-brand-new-chanel-turkce-ceviri/","annotation_not_clickable_in_translation","Brand-new Chanels"
"5078","Slayyyter","brand new chanel$","Slayyyter brand new chanel$ Türkçe Çeviri","slayyyter-brand-new-chanel-turkce-ceviri","https://www.acupoflyrics.com/slayyyter-brand-new-chanel-turkce-ceviri/","annotation_not_clickable_in_translation","Lie through his teeth"
"5077","benny blanco, Selena Gomez, Becky G","Te Olvido (La La)","benny blanco, Selena Gomez, Becky G Te Olvido (La La) Türkçe Çeviri","benny-blanco-selena-gomez-becky-g-te-olvido-la-la-turkce-ceviri","https://www.acupoflyrics.com/benny-blanco-selena-gomez-becky-g-te-olvido-la-la-turkce-ceviri/","annotation_not_clickable_in_translation","Te olvido"
"5076","Cardi B","AH HA","Cardi B AH HA Türkçe Çeviri","cardi-b-ah-ha-turkce-ceviri","https://www.acupoflyrics.com/cardi-b-ah-ha-turkce-ceviri/","annotation_not_clickable_in_translation","Toe tagger"
"5076","Cardi B","AH HA","Cardi B AH HA Türkçe Çeviri","cardi-b-ah-ha-turkce-ceviri","https://www.acupoflyrics.com/cardi-b-ah-ha-turkce-ceviri/","annotation_not_clickable_in_translation","Bitch, at her"
"5076","Cardi B","AH HA","Cardi B AH HA Türkçe Çeviri","cardi-b-ah-ha-turkce-ceviri","https://www.acupoflyrics.com/cardi-b-ah-ha-turkce-ceviri/","annotation_not_clickable_in_translation","Huggie, huh?"
"5076","Cardi B","AH HA","Cardi B AH HA Türkçe Çeviri","cardi-b-ah-ha-turkce-ceviri","https://www.acupoflyrics.com/cardi-b-ah-ha-turkce-ceviri/","annotation_not_clickable_in_translation","Forty-ball"
"5076","Cardi B","AH HA","Cardi B AH HA Türkçe Çeviri","cardi-b-ah-ha-turkce-ceviri","https://www.acupoflyrics.com/cardi-b-ah-ha-turkce-ceviri/","annotation_not_clickable_in_translation","Lap dog"
"5076","Cardi B","AH HA","Cardi B AH HA Türkçe Çeviri","cardi-b-ah-ha-turkce-ceviri","https://www.acupoflyrics.com/cardi-b-ah-ha-turkce-ceviri/","annotation_not_clickable_in_translation","Exes / O’s"
"5076","Cardi B","AH HA","Cardi B AH HA Türkçe Çeviri","cardi-b-ah-ha-turkce-ceviri","https://www.acupoflyrics.com/cardi-b-ah-ha-turkce-ceviri/","annotation_not_clickable_in_translation","Na-na-na-na-boo-boo"
"5075","Ariana Grande","nowhere, nobody","Ariana Grande nowhere, nobody Türkçe Çeviri","ariana-grande-nowhere-nobody-turkce-ceviri","https://www.acupoflyrics.com/ariana-grande-nowhere-nobody-turkce-ceviri/","annotation_not_clickable_in_translation","Karmaşıklıkla el ele yürümek"
"5070","Ariana Grande","freak","Ariana Grande freak Türkçe Çeviri","ariana-grande-freak-turkce-ceviri","https://www.acupoflyrics.com/ariana-grande-freak-turkce-ceviri/","annotation_not_clickable_in_translation","Will them and their poison ever sober?"
"5070","Ariana Grande","freak","Ariana Grande freak Türkçe Çeviri","ariana-grande-freak-turkce-ceviri","https://www.acupoflyrics.com/ariana-grande-freak-turkce-ceviri/","annotation_not_clickable_in_translation","Someday, all the seeds will open"
"5069","Ariana Grande","big feelings","Ariana Grande big feelings Türkçe Çeviri","ariana-grande-big-feelings-turkce-ceviri","https://www.acupoflyrics.com/ariana-grande-big-feelings-turkce-ceviri/","annotation_not_clickable_in_translation","Big feelings"
"5068","Ariana Grande","oh well","Ariana Grande oh well Türkçe Çeviri","ariana-grande-oh-well-turkce-ceviri","https://www.acupoflyrics.com/ariana-grande-oh-well-turkce-ceviri/","english_gloss_inside_translation","Verse 1 / satır 8: Sırf senin o (sahte) nezaketini içeri almamak için ne varsa... (Mm-mm)"
"5068","Ariana Grande","oh well","Ariana Grande oh well Türkçe Çeviri","ariana-grande-oh-well-turkce-ceviri","https://www.acupoflyrics.com/ariana-grande-oh-well-turkce-ceviri/","english_gloss_inside_translation","Pre-Chorus / satır 1: Güzel şeyler; o bozukluğun (dysfunction) ve takıntının yerini alabilir"
"5068","Ariana Grande","oh well","Ariana Grande oh well Türkçe Çeviri","ariana-grande-oh-well-turkce-ceviri","https://www.acupoflyrics.com/ariana-grande-oh-well-turkce-ceviri/","english_gloss_inside_translation","Chorus / satır 3: Teşekkürler ama ben seni kapıya kadar geçireyim (see you right out)"
"5068","Ariana Grande","oh well","Ariana Grande oh well Türkçe Çeviri","ariana-grande-oh-well-turkce-ceviri","https://www.acupoflyrics.com/ariana-grande-oh-well-turkce-ceviri/","annotation_not_clickable_in_translation","Keep getting breakup songs"
"5067","Ariana Grande","stay","Ariana Grande stay Türkçe Çeviri","ariana-grande-stay-turkce-ceviri","https://www.acupoflyrics.com/ariana-grande-stay-turkce-ceviri/","english_gloss_inside_translation","Verse 2 / satır 6: Aşırı düşünmeye (overthink) hiç gerek yok"
"5067","Ariana Grande","stay","Ariana Grande stay Türkçe Çeviri","ariana-grande-stay-turkce-ceviri","https://www.acupoflyrics.com/ariana-grande-stay-turkce-ceviri/","english_gloss_inside_translation","Verse 2 / satır 7: Sadece... Gerçekten “geçici” (temporary) bir şey olsun istemiyorum artık."
"5067","Ariana Grande","stay","Ariana Grande stay Türkçe Çeviri","ariana-grande-stay-turkce-ceviri","https://www.acupoflyrics.com/ariana-grande-stay-turkce-ceviri/","english_gloss_inside_translation","Bridge / satır 3: “Düzeltici deneyim” (corrective experience) olmak istemiyorum, ah..."
"5067","Ariana Grande","stay","Ariana Grande stay Türkçe Çeviri","ariana-grande-stay-turkce-ceviri","https://www.acupoflyrics.com/ariana-grande-stay-turkce-ceviri/","annotation_not_clickable_in_translation","Losing things"
"5066","Ariana Grande","petal","Ariana Grande petal Türkçe Çeviri","ariana-grande-petal-turkce-ceviri","https://www.acupoflyrics.com/ariana-grande-petal-turkce-ceviri/","annotation_not_clickable_in_translation","The artist needs tears"
"5066","Ariana Grande","petal","Ariana Grande petal Türkçe Çeviri","ariana-grande-petal-turkce-ceviri","https://www.acupoflyrics.com/ariana-grande-petal-turkce-ceviri/","annotation_not_clickable_in_translation","favorite stories end in some kind of catastrophe"
"5066","Ariana Grande","petal","Ariana Grande petal Türkçe Çeviri","ariana-grande-petal-turkce-ceviri","https://www.acupoflyrics.com/ariana-grande-petal-turkce-ceviri/","annotation_not_clickable_in_translation","Convenient conflation"
"5066","Ariana Grande","petal","Ariana Grande petal Türkçe Çeviri","ariana-grande-petal-turkce-ceviri","https://www.acupoflyrics.com/ariana-grande-petal-turkce-ceviri/","annotation_not_clickable_in_translation","Yep"
"5066","Ariana Grande","petal","Ariana Grande petal Türkçe Çeviri","ariana-grande-petal-turkce-ceviri","https://www.acupoflyrics.com/ariana-grande-petal-turkce-ceviri/","annotation_not_clickable_in_translation","A couple million for my thoughts"
"5066","Ariana Grande","petal","Ariana Grande petal Türkçe Çeviri","ariana-grande-petal-turkce-ceviri","https://www.acupoflyrics.com/ariana-grande-petal-turkce-ceviri/","annotation_not_clickable_in_translation","If this is my curse"
"5065","Ariana Grande","kiss me","Ariana Grande kiss me Türkçe Çeviri","ariana-grande-kiss-me-turkce-ceviri","https://www.acupoflyrics.com/ariana-grande-kiss-me-turkce-ceviri/","english_gloss_inside_translation","Pre-Chorus / satır 2: Bana baş döndürücü (overwhelming) bir şeyler ver..."
"5065","Ariana Grande","kiss me","Ariana Grande kiss me Türkçe Çeviri","ariana-grande-kiss-me-turkce-ceviri","https://www.acupoflyrics.com/ariana-grande-kiss-me-turkce-ceviri/","english_gloss_inside_translation","Pre-Chorus / satır 3: Biletini aldıysan, o yolculuğa çıkacaksın (sonuna kadar gideceksin)."
"5065","Ariana Grande","kiss me","Ariana Grande kiss me Türkçe Çeviri","ariana-grande-kiss-me-turkce-ceviri","https://www.acupoflyrics.com/ariana-grande-kiss-me-turkce-ceviri/","english_gloss_inside_translation","Pre-Chorus / satır 5: Sırf bende takıntı (obsess) yapacak bir şeyler..."
"5065","Ariana Grande","kiss me","Ariana Grande kiss me Türkçe Çeviri","ariana-grande-kiss-me-turkce-ceviri","https://www.acupoflyrics.com/ariana-grande-kiss-me-turkce-ceviri/","english_gloss_inside_translation","Chorus / satır 3: Sıkıca tut beni, sanki hayatım pamuk ipliğine bağlıymış gibi (on the line);"
"5065","Ariana Grande","kiss me","Ariana Grande kiss me Türkçe Çeviri","ariana-grande-kiss-me-turkce-ceviri","https://www.acupoflyrics.com/ariana-grande-kiss-me-turkce-ceviri/","english_gloss_inside_translation","Chorus / satır 5: Tüm o (kendimi koruma) planlarıma rağmen, kalbim senin ellerinde;"
"5065","Ariana Grande","kiss me","Ariana Grande kiss me Türkçe Çeviri","ariana-grande-kiss-me-turkce-ceviri","https://www.acupoflyrics.com/ariana-grande-kiss-me-turkce-ceviri/","english_gloss_inside_translation","Verse 2 / satır 2: Hâlâ boğuluyorum, o yüzden dökül üzerime (pour all over me)."
"5065","Ariana Grande","kiss me","Ariana Grande kiss me Türkçe Çeviri","ariana-grande-kiss-me-turkce-ceviri","https://www.acupoflyrics.com/ariana-grande-kiss-me-turkce-ceviri/","english_gloss_inside_translation","Pre-Chorus / satır 2: Bana baş döndürücü (overwhelming) bir şeyler ver..."
"5065","Ariana Grande","kiss me","Ariana Grande kiss me Türkçe Çeviri","ariana-grande-kiss-me-turkce-ceviri","https://www.acupoflyrics.com/ariana-grande-kiss-me-turkce-ceviri/","english_gloss_inside_translation","Pre-Chorus / satır 3: Biletini aldıysan, o yolculuğa çıkacaksın (sonuna kadar gideceksin)."
"5065","Ariana Grande","kiss me","Ariana Grande kiss me Türkçe Çeviri","ariana-grande-kiss-me-turkce-ceviri","https://www.acupoflyrics.com/ariana-grande-kiss-me-turkce-ceviri/","english_gloss_inside_translation","Pre-Chorus / satır 5: Sırf bende takıntı (obsess) yapacak bir şeyler..."
"5065","Ariana Grande","kiss me","Ariana Grande kiss me Türkçe Çeviri","ariana-grande-kiss-me-turkce-ceviri","https://www.acupoflyrics.com/ariana-grande-kiss-me-turkce-ceviri/","annotation_not_clickable_in_translation","I (Belong)"
"5065","Ariana Grande","kiss me","Ariana Grande kiss me Türkçe Çeviri","ariana-grande-kiss-me-turkce-ceviri","https://www.acupoflyrics.com/ariana-grande-kiss-me-turkce-ceviri/","annotation_not_clickable_in_translation","Buy the ticket, take the ride"
"5065","Ariana Grande","kiss me","Ariana Grande kiss me Türkçe Çeviri","ariana-grande-kiss-me-turkce-ceviri","https://www.acupoflyrics.com/ariana-grande-kiss-me-turkce-ceviri/","annotation_not_clickable_in_translation","Like you know this is goodbye"
"5065","Ariana Grande","kiss me","Ariana Grande kiss me Türkçe Çeviri","ariana-grande-kiss-me-turkce-ceviri","https://www.acupoflyrics.com/ariana-grande-kiss-me-turkce-ceviri/","annotation_not_clickable_in_translation","My capacity has always blinded me"
"5063","Dominic Fike","Babydoll","Dominic Fike Babydoll Türkçe Çeviri","dominic-fike-babydoll-turkce-ceviri","https://www.acupoflyrics.com/dominic-fike-babydoll-turkce-ceviri/","english_gloss_inside_translation","Chorus / satır 3: Beni ezip geçiyorsun (outclassed) ve bu durum akıl almaz (outrageous)... (Ooh)"
"5063","Dominic Fike","Babydoll","Dominic Fike Babydoll Türkçe Çeviri","dominic-fike-babydoll-turkce-ceviri","https://www.acupoflyrics.com/dominic-fike-babydoll-turkce-ceviri/","english_gloss_inside_translation","Chorus / satır 5: Seni aşağı çeken (omzuna binen) ne varsa... (Eeh)"
"5063","Dominic Fike","Babydoll","Dominic Fike Babydoll Türkçe Çeviri","dominic-fike-babydoll-turkce-ceviri","https://www.acupoflyrics.com/dominic-fike-babydoll-turkce-ceviri/","english_gloss_inside_translation","Verse / satır 2: Farklı birini arıyorum çünkü babam bir pezevenkti (pimp)... (Ooh, ooh, ooh)¹"
"5063","Dominic Fike","Babydoll","Dominic Fike Babydoll Türkçe Çeviri","dominic-fike-babydoll-turkce-ceviri","https://www.acupoflyrics.com/dominic-fike-babydoll-turkce-ceviri/","footnote_marker_inside_translation","Verse / satır 2: Farklı birini arıyorum çünkü babam bir pezevenkti (pimp)... (Ooh, ooh, ooh)¹"
"5063","Dominic Fike","Babydoll","Dominic Fike Babydoll Türkçe Çeviri","dominic-fike-babydoll-turkce-ceviri","https://www.acupoflyrics.com/dominic-fike-babydoll-turkce-ceviri/","english_gloss_inside_translation","Verse / satır 9: Uzayda, daha önce hiç keşfedilmemiş (original) bir yere doğru yoldayım"
"5063","Dominic Fike","Babydoll","Dominic Fike Babydoll Türkçe Çeviri","dominic-fike-babydoll-turkce-ceviri","https://www.acupoflyrics.com/dominic-fike-babydoll-turkce-ceviri/","annotation_not_clickable_in_translation","Daddy was a pimp"
"5062","Katy Perry","The One That Got Away","Katy Perry The One That Got Away Türkçe Çeviri","katy-perry-the-one-that-got-away-turkce-ceviri","https://www.acupoflyrics.com/katy-perry-the-one-that-got-away-turkce-ceviri/","footnote_marker_inside_translation","Verse 2 / satır 1: Ben June’dum, sen de benim Johnny Cash’im...¹"
"5062","Katy Perry","The One That Got Away","Katy Perry The One That Got Away Türkçe Çeviri","katy-perry-the-one-that-got-away-turkce-ceviri","https://www.acupoflyrics.com/katy-perry-the-one-that-got-away-turkce-ceviri/","english_gloss_inside_translation","Verse 2 / satır 5: Seni şehir merkezinde gördüm, hüzünlü şarkılar (blues) söylüyordun."
"5062","Katy Perry","The One That Got Away","Katy Perry The One That Got Away Türkçe Çeviri","katy-perry-the-one-that-got-away-turkce-ceviri","https://www.acupoflyrics.com/katy-perry-the-one-that-got-away-turkce-ceviri/","annotation_not_clickable_in_translation","June & Johnny Cash"
"5061","Ella Langley","Choosin' Texas","Ella Langley Choosin' Texas Türkçe Çeviri","ella-langley-choosin-texas-turkce-ceviri","https://www.acupoflyrics.com/ella-langley-choosin-texas-turkce-ceviri/","english_gloss_inside_translation","Verse 2 / satır 2: Eskiden birlikte söylediğimiz o eski Hank⁴ şarkılarını, Memphis hüzünlerini (blues)..."
"5061","Ella Langley","Choosin' Texas","Ella Langley Choosin' Texas Türkçe Çeviri","ella-langley-choosin-texas-turkce-ceviri","https://www.acupoflyrics.com/ella-langley-choosin-texas-turkce-ceviri/","annotation_not_clickable_in_translation","Amarillo by Morning"
"5060","sombr","back to friends","sombr back to friends Türkçe Çeviri","sombr-back-to-friends-turkce-ceviri","https://www.acupoflyrics.com/sombr-back-to-friends-turkce-ceviri/","english_gloss_inside_translation","Verse 1 / satır 2: Çünkü bu his beni savunmasız (weak) bırakıyor"
"5060","sombr","back to friends","sombr back to friends Türkçe Çeviri","sombr-back-to-friends-turkce-ceviri","https://www.acupoflyrics.com/sombr-back-to-friends-turkce-ceviri/","english_gloss_inside_translation","Chorus / satır 3: Bana bakıp nasıl ""mış gibi"" yapabiliyorsun (pretend)"
"5060","sombr","back to friends","sombr back to friends Türkçe Çeviri","sombr-back-to-friends-turkce-ceviri","https://www.acupoflyrics.com/sombr-back-to-friends-turkce-ceviri/","english_gloss_inside_translation","Bridge / satır 3: Sen çoktan bırakıp gitmişken (let go)"
"5060","sombr","back to friends","sombr back to friends Türkçe Çeviri","sombr-back-to-friends-turkce-ceviri","https://www.acupoflyrics.com/sombr-back-to-friends-turkce-ceviri/","english_gloss_inside_translation","Bridge / satır 5: Meğer her şey ""gelişigüzel""miş (casual)...¹"
"5060","sombr","back to friends","sombr back to friends Türkçe Çeviri","sombr-back-to-friends-turkce-ceviri","https://www.acupoflyrics.com/sombr-back-to-friends-turkce-ceviri/","footnote_marker_inside_translation","Bridge / satır 5: Meğer her şey ""gelişigüzel""miş (casual)...¹"
"5059","The Goo Goo Dolls","Iris","The Goo Goo Dolls Iris Türkçe Çeviri","the-goo-goo-dolls-iris-turkce-ceviri","https://www.acupoflyrics.com/the-goo-goo-dolls-iris-turkce-ceviri/","english_gloss_inside_translation","Verse 1 / satır 4: Ve şu an eve dönmek (bu andan kopmak) hiç istemiyorum."
"5059","The Goo Goo Dolls","Iris","The Goo Goo Dolls Iris Türkçe Çeviri","the-goo-goo-dolls-iris-turkce-ceviri","https://www.acupoflyrics.com/the-goo-goo-dolls-iris-turkce-ceviri/","english_gloss_inside_translation","Verse 2 / satır 1: Gelmeyen (akmayan) gözyaşlarınla savaşamazsın;"
"5059","The Goo Goo Dolls","Iris","The Goo Goo Dolls Iris Türkçe Çeviri","the-goo-goo-dolls-iris-turkce-ceviri","https://www.acupoflyrics.com/the-goo-goo-dolls-iris-turkce-ceviri/","annotation_not_clickable_in_translation","Everything's made to be broken"
"5059","The Goo Goo Dolls","Iris","The Goo Goo Dolls Iris Türkçe Çeviri","the-goo-goo-dolls-iris-turkce-ceviri","https://www.acupoflyrics.com/the-goo-goo-dolls-iris-turkce-ceviri/","annotation_not_clickable_in_translation","Bleed just to know you're alive"
"5058","Bruno Mars","Risk It All","Bruno Mars Risk It All Türkçe Çeviri","bruno-mars-risk-it-all-turkce-ceviri","https://www.acupoflyrics.com/bruno-mars-risk-it-all-turkce-ceviri/","english_gloss_inside_translation","Pre-Chorus / satır 3: Eğer senin kalbin tehlikedeyse (on the line);¹"
"5058","Bruno Mars","Risk It All","Bruno Mars Risk It All Türkçe Çeviri","bruno-mars-risk-it-all-turkce-ceviri","https://www.acupoflyrics.com/bruno-mars-risk-it-all-turkce-ceviri/","footnote_marker_inside_translation","Pre-Chorus / satır 3: Eğer senin kalbin tehlikedeyse (on the line);¹"
"5057","LE SSERAFIM, ILLIT, KATSEYE","ICONIC BY MISTAKE","LE SSERAFIM, ILLIT, KATSEYE ICONIC BY MISTAKE Türkçe Çeviri","le-sserafim-illit-katseye-iconic-by-mistake-turkce-ceviri","https://www.acupoflyrics.com/le-sserafim-illit-katseye-iconic-by-mistake-turkce-ceviri/","english_gloss_inside_translation","Verse 1: Kim Chaewon, Kazuha / satır 3: Sev beni (heart it), daha sert sev;"
"5057","LE SSERAFIM, ILLIT, KATSEYE","ICONIC BY MISTAKE","LE SSERAFIM, ILLIT, KATSEYE ICONIC BY MISTAKE Türkçe Çeviri","le-sserafim-illit-katseye-iconic-by-mistake-turkce-ceviri","https://www.acupoflyrics.com/le-sserafim-illit-katseye-iconic-by-mistake-turkce-ceviri/","english_gloss_inside_translation","Verse 2: Wonhee, Iroha / satır 1: Hiç mesaim bitmiyor (off duty); sürekli darbe alıyorum, hırpalanıyorum..."
"5057","LE SSERAFIM, ILLIT, KATSEYE","ICONIC BY MISTAKE","LE SSERAFIM, ILLIT, KATSEYE ICONIC BY MISTAKE Türkçe Çeviri","le-sserafim-illit-katseye-iconic-by-mistake-turkce-ceviri","https://www.acupoflyrics.com/le-sserafim-illit-katseye-iconic-by-mistake-turkce-ceviri/","english_gloss_inside_translation","Verse 2: Wonhee, Iroha / satır 2: Ama ben gülümsemeye (cheesing) devam ediyorum; dış görünüş aldatıcıdır, unutma!"
"5057","LE SSERAFIM, ILLIT, KATSEYE","ICONIC BY MISTAKE","LE SSERAFIM, ILLIT, KATSEYE ICONIC BY MISTAKE Türkçe Çeviri","le-sserafim-illit-katseye-iconic-by-mistake-turkce-ceviri","https://www.acupoflyrics.com/le-sserafim-illit-katseye-iconic-by-mistake-turkce-ceviri/","english_gloss_inside_translation","Verse 2: Wonhee, Iroha / satır 3: Beni tanıyormuş gibi davranıyorsun, ağzından köpükler saçarak (foaming) konuşuyorsun;"
"5057","LE SSERAFIM, ILLIT, KATSEYE","ICONIC BY MISTAKE","LE SSERAFIM, ILLIT, KATSEYE ICONIC BY MISTAKE Türkçe Çeviri","le-sserafim-illit-katseye-iconic-by-mistake-turkce-ceviri","https://www.acupoflyrics.com/le-sserafim-illit-katseye-iconic-by-mistake-turkce-ceviri/","english_gloss_inside_translation","Verse 3: Daniela, Megan, Lara, Yoonchae / satır 4: Bunu hayallerim için yapıyorum, sadece para (bag) için değil;"
"5057","LE SSERAFIM, ILLIT, KATSEYE","ICONIC BY MISTAKE","LE SSERAFIM, ILLIT, KATSEYE ICONIC BY MISTAKE Türkçe Çeviri","le-sserafim-illit-katseye-iconic-by-mistake-turkce-ceviri","https://www.acupoflyrics.com/le-sserafim-illit-katseye-iconic-by-mistake-turkce-ceviri/","english_gloss_inside_translation","Verse 3: Daniela, Megan, Lara, Yoonchae / satır 5: (Ayy) Ama o koca paralar (the bag) da hiç fena değil hani!"
"5057","LE SSERAFIM, ILLIT, KATSEYE","ICONIC BY MISTAKE","LE SSERAFIM, ILLIT, KATSEYE ICONIC BY MISTAKE Türkçe Çeviri","le-sserafim-illit-katseye-iconic-by-mistake-turkce-ceviri","https://www.acupoflyrics.com/le-sserafim-illit-katseye-iconic-by-mistake-turkce-ceviri/","english_gloss_inside_translation","Verse 3: Daniela, Megan, Lara, Yoonchae / satır 8: Cehennemi gördüm geldim, bırakın yargılasınlar beni; bu bir ateşten sınav (crucible)!"
"5057","LE SSERAFIM, ILLIT, KATSEYE","ICONIC BY MISTAKE","LE SSERAFIM, ILLIT, KATSEYE ICONIC BY MISTAKE Türkçe Çeviri","le-sserafim-illit-katseye-iconic-by-mistake-turkce-ceviri","https://www.acupoflyrics.com/le-sserafim-illit-katseye-iconic-by-mistake-turkce-ceviri/","english_gloss_inside_translation","Pre-Chorus: Sophia, Lara / satır 5: Şu dijital ayak izin (digital footprint) hiç de normal görünmüyor!"
"5057","LE SSERAFIM, ILLIT, KATSEYE","ICONIC BY MISTAKE","LE SSERAFIM, ILLIT, KATSEYE ICONIC BY MISTAKE Türkçe Çeviri","le-sserafim-illit-katseye-iconic-by-mistake-turkce-ceviri","https://www.acupoflyrics.com/le-sserafim-illit-katseye-iconic-by-mistake-turkce-ceviri/","annotation_not_clickable_in_translation","Heart it like a verb"
"5056","HUNTR/X","Golden","HUNTR/X Golden Türkçe Çeviri","huntr-x-golden-turkce-ceviri","https://www.acupoflyrics.com/huntr-x-golden-turkce-ceviri/","english_gloss_inside_translation","Verse: Rumi, Zoey, Mira, All / satır 8: Ama şimdi bu sayede paramı kazanıyorum, durmadan sahnedeyim (on stage)!"
"5056","HUNTR/X","Golden","HUNTR/X Golden Türkçe Çeviri","huntr-x-golden-turkce-ceviri","https://www.acupoflyrics.com/huntr-x-golden-turkce-ceviri/","english_gloss_inside_translation","Chorus: All, Rumi / satır 2: Biliyorsun, birlikte ışık saçıyoruz; altın gibi parlayacağız (gonna be golden)!"
"5056","HUNTR/X","Golden","HUNTR/X Golden Türkçe Çeviri","huntr-x-golden-turkce-ceviri","https://www.acupoflyrics.com/huntr-x-golden-turkce-ceviri/","english_gloss_inside_translation","Bridge: Rumi / satır 3: Tüm o eski kalıpları (patterns) geçmişte bıraktım artık;"
"5056","HUNTR/X","Golden","HUNTR/X Golden Türkçe Çeviri","huntr-x-golden-turkce-ceviri","https://www.acupoflyrics.com/huntr-x-golden-turkce-ceviri/","english_gloss_inside_translation","Pre-Chorus: Rumi / satır 3: Çünkü biz avcılarız (hunters), sesimiz güçlü;"
"5055","Olivia Rodrigo","honeybee","Olivia Rodrigo honeybee Türkçe Çeviri","olivia-rodrigo-honeybee-turkce-ceviri","https://www.acupoflyrics.com/olivia-rodrigo-honeybee-turkce-ceviri/","english_gloss_inside_translation","Verse 1 / satır 4: Seni gördüğümde ne kadar da sıradan (commonplace) kaldı."
"5055","Olivia Rodrigo","honeybee","Olivia Rodrigo honeybee Türkçe Çeviri","olivia-rodrigo-honeybee-turkce-ceviri","https://www.acupoflyrics.com/olivia-rodrigo-honeybee-turkce-ceviri/","footnote_marker_inside_translation","Chorus / satır 5: Ve dilerim yüzünün o ""gidiş"" halini asla görmem;¹"
"5055","Olivia Rodrigo","honeybee","Olivia Rodrigo honeybee Türkçe Çeviri","olivia-rodrigo-honeybee-turkce-ceviri","https://www.acupoflyrics.com/olivia-rodrigo-honeybee-turkce-ceviri/","english_gloss_inside_translation","Verse 2 / satır 2: Sanki Tanrı bana bir lütuf sundu (threw me a bone).²"
"5055","Olivia Rodrigo","honeybee","Olivia Rodrigo honeybee Türkçe Çeviri","olivia-rodrigo-honeybee-turkce-ceviri","https://www.acupoflyrics.com/olivia-rodrigo-honeybee-turkce-ceviri/","footnote_marker_inside_translation","Verse 2 / satır 2: Sanki Tanrı bana bir lütuf sundu (threw me a bone).²"
"5055","Olivia Rodrigo","honeybee","Olivia Rodrigo honeybee Türkçe Çeviri","olivia-rodrigo-honeybee-turkce-ceviri","https://www.acupoflyrics.com/olivia-rodrigo-honeybee-turkce-ceviri/","annotation_not_clickable_in_translation","What your face looks like going"
"5055","Olivia Rodrigo","honeybee","Olivia Rodrigo honeybee Türkçe Çeviri","olivia-rodrigo-honeybee-turkce-ceviri","https://www.acupoflyrics.com/olivia-rodrigo-honeybee-turkce-ceviri/","annotation_not_clickable_in_translation","God threw me a bone"
"5054","PinkPantheress, Zara Larsson","Stateside","PinkPantheress, Zara Larsson Stateside Türkçe Çeviri","pinkpantheress-zara-larsson-stateside-turkce-ceviri","https://www.acupoflyrics.com/pinkpantheress-zara-larsson-stateside-turkce-ceviri/","english_gloss_inside_translation","Verse 1: PinkPantheress / satır 7: Okyanusun öteki tarafına (stateside) gidiyorum, bu gece seni göreceğim;"
"5054","PinkPantheress, Zara Larsson","Stateside","PinkPantheress, Zara Larsson Stateside Türkçe Çeviri","pinkpantheress-zara-larsson-stateside-turkce-ceviri","https://www.acupoflyrics.com/pinkpantheress-zara-larsson-stateside-turkce-ceviri/","english_gloss_inside_translation","Chorus: PinkPantheress, Zara Larsson, Both / satır 6: Seninle kıtalararası (intercontinental) uçuyorum resmen..."
"5054","PinkPantheress, Zara Larsson","Stateside","PinkPantheress, Zara Larsson Stateside Türkçe Çeviri","pinkpantheress-zara-larsson-stateside-turkce-ceviri","https://www.acupoflyrics.com/pinkpantheress-zara-larsson-stateside-turkce-ceviri/","english_gloss_inside_translation","Verse 2: Zara Larsson / satır 6: İçimi dökmenin beni manşetlere (headline) taşıyacağını kim bilebilirdi?"
"5054","PinkPantheress, Zara Larsson","Stateside","PinkPantheress, Zara Larsson Stateside Türkçe Çeviri","pinkpantheress-zara-larsson-stateside-turkce-ceviri","https://www.acupoflyrics.com/pinkpantheress-zara-larsson-stateside-turkce-ceviri/","english_gloss_inside_translation","Verse 2: Zara Larsson / satır 7: Çizmelerim (boots) egomu parlatıyor, programım bir dakika bile boş kalmadı;"
"5054","PinkPantheress, Zara Larsson","Stateside","PinkPantheress, Zara Larsson Stateside Türkçe Çeviri","pinkpantheress-zara-larsson-stateside-turkce-ceviri","https://www.acupoflyrics.com/pinkpantheress-zara-larsson-stateside-turkce-ceviri/","english_gloss_inside_translation","Verse 2: Zara Larsson / satır 8: Evet, ""o asıl kız"" (that girl) benim; her zaman öyleydim."
"5054","PinkPantheress, Zara Larsson","Stateside","PinkPantheress, Zara Larsson Stateside Türkçe Çeviri","pinkpantheress-zara-larsson-stateside-turkce-ceviri","https://www.acupoflyrics.com/pinkpantheress-zara-larsson-stateside-turkce-ceviri/","section_line_count_mismatch","Pre-Chorus: Zara Larsson: orijinal 3, Türkçe 1"
"5054","PinkPantheress, Zara Larsson","Stateside","PinkPantheress, Zara Larsson Stateside Türkçe Çeviri","pinkpantheress-zara-larsson-stateside-turkce-ceviri","https://www.acupoflyrics.com/pinkpantheress-zara-larsson-stateside-turkce-ceviri/","section_line_count_mismatch","Chorus: PinkPantheress, Zara Larsson, Both: orijinal 8, Türkçe 3"
"5054","PinkPantheress, Zara Larsson","Stateside","PinkPantheress, Zara Larsson Stateside Türkçe Çeviri","pinkpantheress-zara-larsson-stateside-turkce-ceviri","https://www.acupoflyrics.com/pinkpantheress-zara-larsson-stateside-turkce-ceviri/","annotation_not_clickable_in_translation","Ha ha ha"
"5053","KARD","Always","KARD Always Türkçe Çeviri","kard-always-turkce-ceviri","https://www.acupoflyrics.com/kard-always-turkce-ceviri/","english_gloss_inside_translation","Verse 1 - Rap Section / satır 3: Benim heyecanımı (calor) renklendir; tam da senin çizdiğin (sketch) gibi."
"5053","KARD","Always","KARD Always Türkçe Çeviri","kard-always-turkce-ceviri","https://www.acupoflyrics.com/kard-always-turkce-ceviri/","english_gloss_inside_translation","Verse 1 - Rap Section / satır 6: Paylaştığımız bu hayatın o ortak yol haritası (blueprint)..."
"5053","KARD","Always","KARD Always Türkçe Çeviri","kard-always-turkce-ceviri","https://www.acupoflyrics.com/kard-always-turkce-ceviri/","english_gloss_inside_translation","Verse 1 - Rap Section / satır 7: Bazen bir ""mavi kuş"" (mutluluk) gibi kondun gönlüme,"
"5053","KARD","Always","KARD Always Türkçe Çeviri","kard-always-turkce-ceviri","https://www.acupoflyrics.com/kard-always-turkce-ceviri/","english_gloss_inside_translation","Verse 1 - Rap Section / satır 8: Kulağımda karamel (caramelo) tadında bir sesle..."
"5053","KARD","Always","KARD Always Türkçe Çeviri","kard-always-turkce-ceviri","https://www.acupoflyrics.com/kard-always-turkce-ceviri/","english_gloss_inside_translation","Verse 1 - Rap Section / satır 12: Benim o ""içindeki çocuğu yaşatan"" (kidult) yanım için; o kişi sensin."
"5053","KARD","Always","KARD Always Türkçe Çeviri","kard-always-turkce-ceviri","https://www.acupoflyrics.com/kard-always-turkce-ceviri/","english_gloss_inside_translation","Post-Chorus / satır 3: Sadece akışına bırak (take your time);"
"5053","KARD","Always","KARD Always Türkçe Çeviri","kard-always-turkce-ceviri","https://www.acupoflyrics.com/kard-always-turkce-ceviri/","english_gloss_inside_translation","Verse 3 / satır 2: Bu kadar karanlık bir dünyayla muhatap olmayı (associate)..."
"5053","KARD","Always","KARD Always Türkçe Çeviri","kard-always-turkce-ceviri","https://www.acupoflyrics.com/kard-always-turkce-ceviri/","english_gloss_inside_translation","Verse 3 / satır 4: Ama beni her seferinde hayata döndüren (back to life) sendin."
"5053","KARD","Always","KARD Always Türkçe Çeviri","kard-always-turkce-ceviri","https://www.acupoflyrics.com/kard-always-turkce-ceviri/","english_gloss_inside_translation","Verse 5 - Rap Section / satır 3: En başından beri (from day one), aramızdaki o bağla dolup taşan bunca yıl..."
"5053","KARD","Always","KARD Always Türkçe Çeviri","kard-always-turkce-ceviri","https://www.acupoflyrics.com/kard-always-turkce-ceviri/","english_gloss_inside_translation","Verse 5 - Rap Section / satır 6: Yol arkadaşım (day ones); şimdi size olan minnetimi ödeme vakti."
"5052","KARD","Signal","KARD Signal Türkçe Çeviri","kard-signal-turkce-ceviri","https://www.acupoflyrics.com/kard-signal-turkce-ceviri/","english_gloss_inside_translation","Intro / satır 4: Martı kanat kapılar (butterfly doors) gibi havadayız;"
"5052","KARD","Signal","KARD Signal Türkçe Çeviri","kard-signal-turkce-ceviri","https://www.acupoflyrics.com/kard-signal-turkce-ceviri/","english_gloss_inside_translation","Intro / satır 5: Tüm ekip harekete (on go) hazır!"
"5052","KARD","Signal","KARD Signal Türkçe Çeviri","kard-signal-turkce-ceviri","https://www.acupoflyrics.com/kard-signal-turkce-ceviri/","english_gloss_inside_translation","Verse 1 / satır 4: Bu hava çok gerçeküstü (surreal);"
"5052","KARD","Signal","KARD Signal Türkçe Çeviri","kard-signal-turkce-ceviri","https://www.acupoflyrics.com/kard-signal-turkce-ceviri/","english_gloss_inside_translation","Chorus / satır 6: İlahi (divino) görünüyorsun, baş döndürücü..."
"5052","KARD","Signal","KARD Signal Türkçe Çeviri","kard-signal-turkce-ceviri","https://www.acupoflyrics.com/kard-signal-turkce-ceviri/","english_gloss_inside_translation","Verse 2 / satır 1: Bu mekânı ateşe verin (on fire)!"
"5052","KARD","Signal","KARD Signal Türkçe Çeviri","kard-signal-turkce-ceviri","https://www.acupoflyrics.com/kard-signal-turkce-ceviri/","english_gloss_inside_translation","Verse 2 / satır 2: Kaldır o kadehi biraz daha yukarı (higher)!"
"5052","KARD","Signal","KARD Signal Türkçe Çeviri","kard-signal-turkce-ceviri","https://www.acupoflyrics.com/kard-signal-turkce-ceviri/","english_gloss_inside_translation","Verse 2 / satır 6: Harbi, bir kraliçenin estetiği (migam) var sende."
"5052","KARD","Signal","KARD Signal Türkçe Çeviri","kard-signal-turkce-ceviri","https://www.acupoflyrics.com/kard-signal-turkce-ceviri/","english_gloss_inside_translation","Verse 2 / satır 7: Güzel (Bella) ruhun, doğuştan gelen o asalet; tam bir efsane (midam)..."
"5052","KARD","Signal","KARD Signal Türkçe Çeviri","kard-signal-turkce-ceviri","https://www.acupoflyrics.com/kard-signal-turkce-ceviri/","english_gloss_inside_translation","Verse 2 / satır 11: Sen o alışılmış güzelliğin çok ötesindesin (beyond)."
"5052","KARD","Signal","KARD Signal Türkçe Çeviri","kard-signal-turkce-ceviri","https://www.acupoflyrics.com/kard-signal-turkce-ceviri/","english_gloss_inside_translation","Verse 3 - Rap Section / satır 4: Bana doğru sokul, bırak o kalçaların süzülsün (rotate)."
"5052","KARD","Signal","KARD Signal Türkçe Çeviri","kard-signal-turkce-ceviri","https://www.acupoflyrics.com/kard-signal-turkce-ceviri/","english_gloss_inside_translation","Verse 3 - Rap Section / satır 7: Çek kapıya; özgün bir hava ve o eşsiz tarz (kkal)..."
"5052","KARD","Signal","KARD Signal Türkçe Çeviri","kard-signal-turkce-ceviri","https://www.acupoflyrics.com/kard-signal-turkce-ceviri/","english_gloss_inside_translation","Verse 3 - Rap Section / satır 8: Kulübe girdiğin an herkesi dize getirirsin (gigang).¹"
"5052","KARD","Signal","KARD Signal Türkçe Çeviri","kard-signal-turkce-ceviri","https://www.acupoflyrics.com/kard-signal-turkce-ceviri/","footnote_marker_inside_translation","Verse 3 - Rap Section / satır 8: Kulübe girdiğin an herkesi dize getirirsin (gigang).¹"
"5052","KARD","Signal","KARD Signal Türkçe Çeviri","kard-signal-turkce-ceviri","https://www.acupoflyrics.com/kard-signal-turkce-ceviri/","english_gloss_inside_translation","Verse 3 - Rap Section / satır 10: İştah açıcıdan (appetite) sonra, zıplat ortalığı!"
"5052","KARD","Signal","KARD Signal Türkçe Çeviri","kard-signal-turkce-ceviri","https://www.acupoflyrics.com/kard-signal-turkce-ceviri/","section_line_count_mismatch","Outro: orijinal 13, Türkçe 10"
"5051","KARD","At Least","KARD At Least Türkçe Çeviri","kard-at-least-turkce-ceviri","https://www.acupoflyrics.com/kard-at-least-turkce-ceviri/","english_gloss_inside_translation","Verse 1 / satır 4: Gerçekler bir köşede bekleyip (stalling) dururken"
"5051","KARD","At Least","KARD At Least Türkçe Çeviri","kard-at-least-turkce-ceviri","https://www.acupoflyrics.com/kard-at-least-turkce-ceviri/","english_gloss_inside_translation","Verse 2 - Korean / Rap / satır 3: Alacakaranlıkta (dusk) açamadan solan o çiçekler gibi;¹"
"5051","KARD","At Least","KARD At Least Türkçe Çeviri","kard-at-least-turkce-ceviri","https://www.acupoflyrics.com/kard-at-least-turkce-ceviri/","footnote_marker_inside_translation","Verse 2 - Korean / Rap / satır 3: Alacakaranlıkta (dusk) açamadan solan o çiçekler gibi;¹"
"5051","KARD","At Least","KARD At Least Türkçe Çeviri","kard-at-least-turkce-ceviri","https://www.acupoflyrics.com/kard-at-least-turkce-ceviri/","footnote_marker_inside_translation","Verse 2 - Korean / Rap / satır 6: Aramızdaki mesafe ""ters orantılı"" (반비례) olsa bile;²"
"5051","KARD","At Least","KARD At Least Türkçe Çeviri","kard-at-least-turkce-ceviri","https://www.acupoflyrics.com/kard-at-least-turkce-ceviri/","english_gloss_inside_translation","Chorus / satır 7: Biraz zaman aldı ama mevzuyu çözdüm (clock it) artık"
"5051","KARD","At Least","KARD At Least Türkçe Çeviri","kard-at-least-turkce-ceviri","https://www.acupoflyrics.com/kard-at-least-turkce-ceviri/","english_gloss_inside_translation","Verse 3 / satır 2: Hep bir kenara ittim onları, yüzleşmek istemedim (deal with)"
"5051","KARD","At Least","KARD At Least Türkçe Çeviri","kard-at-least-turkce-ceviri","https://www.acupoflyrics.com/kard-at-least-turkce-ceviri/","english_gloss_inside_translation","Verse 3 / satır 4: Eğer şimdi her şeyi dürüstçe kabullensem (own up);"
"5051","KARD","At Least","KARD At Least Türkçe Çeviri","kard-at-least-turkce-ceviri","https://www.acupoflyrics.com/kard-at-least-turkce-ceviri/","english_gloss_inside_translation","Verse 3 / satır 7: Bu mesafede haklı olduğun için canın yanardı (bitter);"
"5051","KARD","At Least","KARD At Least Türkçe Çeviri","kard-at-least-turkce-ceviri","https://www.acupoflyrics.com/kard-at-least-turkce-ceviri/","english_gloss_inside_translation","Verse 3 / satır 8: Kendi ""mantığınla"" (wisdom) kestin attın beni, terk edildim..."
"5051","KARD","At Least","KARD At Least Türkçe Çeviri","kard-at-least-turkce-ceviri","https://www.acupoflyrics.com/kard-at-least-turkce-ceviri/","english_gloss_inside_translation","Bridge / satır 3: Gerçek yüzünü (true nature) tattım bir kere, artık seni bırakma vakti."
"5050","KARD","Armor","KARD Armor Türkçe Çeviri","kard-armor-turkce-ceviri","https://www.acupoflyrics.com/kard-armor-turkce-ceviri/","english_gloss_inside_translation","Intro / Verse 1 / satır 7: Çünkü zırhımı kuşandım (armored up)!"
"5050","KARD","Armor","KARD Armor Türkçe Çeviri","kard-armor-turkce-ceviri","https://www.acupoflyrics.com/kard-armor-turkce-ceviri/","english_gloss_inside_translation","Intro / Verse 1 / satır 9: Lütuf üzerine lütuf yağıyor, kadehim taşıyor (overflowing)...¹"
"5050","KARD","Armor","KARD Armor Türkçe Çeviri","kard-armor-turkce-ceviri","https://www.acupoflyrics.com/kard-armor-turkce-ceviri/","footnote_marker_inside_translation","Intro / Verse 1 / satır 9: Lütuf üzerine lütuf yağıyor, kadehim taşıyor (overflowing)...¹"
"5050","KARD","Armor","KARD Armor Türkçe Çeviri","kard-armor-turkce-ceviri","https://www.acupoflyrics.com/kard-armor-turkce-ceviri/","english_gloss_inside_translation","Intro / Verse 1 / satır 10: Hâlâ yolumdayım; o sinsi yılanlar tek tek kılıçtan geçiriliyor (slayed)."
"5050","KARD","Armor","KARD Armor Türkçe Çeviri","kard-armor-turkce-ceviri","https://www.acupoflyrics.com/kard-armor-turkce-ceviri/","english_gloss_inside_translation","Intro / Verse 1 / satır 13: Kutsanmış hissediyorum (blessed)."
"5050","KARD","Armor","KARD Armor Türkçe Çeviri","kard-armor-turkce-ceviri","https://www.acupoflyrics.com/kard-armor-turkce-ceviri/","english_gloss_inside_translation","Pre-Chorus / satır 3: Tüm o ön yargılar (assumptions) beni içten içe tüketirken..."
"5050","KARD","Armor","KARD Armor Türkçe Çeviri","kard-armor-turkce-ceviri","https://www.acupoflyrics.com/kard-armor-turkce-ceviri/","english_gloss_inside_translation","Verse 2 - Rap Section / satır 1: Uh evet, defalarca kez tükendim (burn out);"
"5050","KARD","Armor","KARD Armor Türkçe Çeviri","kard-armor-turkce-ceviri","https://www.acupoflyrics.com/kard-armor-turkce-ceviri/","english_gloss_inside_translation","Verse 2 - Rap Section / satır 4: O gürültülü hertzleri temizlemek için tüm kusurları dışarı atıyorum (litter out)."
"5050","KARD","Armor","KARD Armor Türkçe Çeviri","kard-armor-turkce-ceviri","https://www.acupoflyrics.com/kard-armor-turkce-ceviri/","english_gloss_inside_translation","Verse 2 - Rap Section / satır 5: Evet, saf bir dalga boyuyla o ""kazanan zihniyetini"" (winning mentality) sağlamlaştırıyorum;"
"5050","KARD","Armor","KARD Armor Türkçe Çeviri","kard-armor-turkce-ceviri","https://www.acupoflyrics.com/kard-armor-turkce-ceviri/","english_gloss_inside_translation","Bridge / satır 3: Sadece hayatta kalmayı (survive) değil, bu hayatı gerçekten yaşamaya başlamalıyım;"
"5049","KARD","Back To Life","KARD Back To Life Türkçe Çeviri","kard-back-to-life-turkce-ceviri","https://www.acupoflyrics.com/kard-back-to-life-turkce-ceviri/","section_line_count_mismatch","Chorus: orijinal 14, Türkçe 10"
"5049","KARD","Back To Life","KARD Back To Life Türkçe Çeviri","kard-back-to-life-turkce-ceviri","https://www.acupoflyrics.com/kard-back-to-life-turkce-ceviri/","english_gloss_inside_translation","Verse 2 - Rap Section / satır 2: Paraların (bags) nerede olduğunu kestiremiyorduk bile o zamanlar."
"5049","KARD","Back To Life","KARD Back To Life Türkçe Çeviri","kard-back-to-life-turkce-ceviri","https://www.acupoflyrics.com/kard-back-to-life-turkce-ceviri/","english_gloss_inside_translation","Verse 2 - Rap Section / satır 3: Eski püskü bir arabada (hatchback) yaşıyorduk;"
"5049","KARD","Back To Life","KARD Back To Life Türkçe Çeviri","kard-back-to-life-turkce-ceviri","https://www.acupoflyrics.com/kard-back-to-life-turkce-ceviri/","english_gloss_inside_translation","Verse 2 - Rap Section / satır 5: Şimdiyse gerçek bir ""kaliteyiz"" (class act);"
"5049","KARD","Back To Life","KARD Back To Life Türkçe Çeviri","kard-back-to-life-turkce-ceviri","https://www.acupoflyrics.com/kard-back-to-life-turkce-ceviri/","english_gloss_inside_translation","Verse 2 - Rap Section / satır 16: Dibe vurduk ama geri sıçramaya (bounce back) mahkûmuz;"
"5049","KARD","Back To Life","KARD Back To Life Türkçe Çeviri","kard-back-to-life-turkce-ceviri","https://www.acupoflyrics.com/kard-back-to-life-turkce-ceviri/","english_gloss_inside_translation","Verse 2 - Rap Section / satır 17: Bizim aramızdaki o sarsılmaz bağın sınırları (boundary) birleşti artık."
"5049","KARD","Back To Life","KARD Back To Life Türkçe Çeviri","kard-back-to-life-turkce-ceviri","https://www.acupoflyrics.com/kard-back-to-life-turkce-ceviri/","english_gloss_inside_translation","Verse 2 - Rap Section / satır 19: Zirvedeki o günlere, yepyeni bir tarih (historia) yazmaya devam..."
"5049","KARD","Back To Life","KARD Back To Life Türkçe Çeviri","kard-back-to-life-turkce-ceviri","https://www.acupoflyrics.com/kard-back-to-life-turkce-ceviri/","section_line_count_mismatch","Chorus: orijinal 14, Türkçe 10"
"5049","KARD","Back To Life","KARD Back To Life Türkçe Çeviri","kard-back-to-life-turkce-ceviri","https://www.acupoflyrics.com/kard-back-to-life-turkce-ceviri/","english_gloss_inside_translation","Bridge / satır 3: Hiçbir yer ""ıssız"" (nowhere) değildir artık."
"5049","KARD","Back To Life","KARD Back To Life Türkçe Çeviri","kard-back-to-life-turkce-ceviri","https://www.acupoflyrics.com/kard-back-to-life-turkce-ceviri/","section_line_count_mismatch","Chorus: orijinal 14, Türkçe 10"
"5049","KARD","Back To Life","KARD Back To Life Türkçe Çeviri","kard-back-to-life-turkce-ceviri","https://www.acupoflyrics.com/kard-back-to-life-turkce-ceviri/","annotation_not_clickable_in_translation","pi ttam tears"
"5048","Aitch","RMB (Ring My Bell)","Aitch RMB (Ring My Bell) Türkçe Çeviri","aitch-rmb-ring-my-bell-turkce-ceviri","https://www.acupoflyrics.com/aitch-rmb-ring-my-bell-turkce-ceviri/","english_gloss_inside_translation","Verse 1: Aitch & Anita Ward / satır 4: Öpüşme kabininde (kissing booth) sıradaki kim? (Mwah!)"
"5048","Aitch","RMB (Ring My Bell)","Aitch RMB (Ring My Bell) Türkçe Çeviri","aitch-rmb-ring-my-bell-turkce-ceviri","https://www.acupoflyrics.com/aitch-rmb-ring-my-bell-turkce-ceviri/","english_gloss_inside_translation","Verse 1: Aitch & Anita Ward / satır 5: Biraz ""fazla"" o; hem taş gibi hem de küstah (rude)"
"5048","Aitch","RMB (Ring My Bell)","Aitch RMB (Ring My Bell) Türkçe Çeviri","aitch-rmb-ring-my-bell-turkce-ceviri","https://www.acupoflyrics.com/aitch-rmb-ring-my-bell-turkce-ceviri/","english_gloss_inside_translation","Verse 1: Aitch & Anita Ward / satır 6: Mevzuyu çözmüş (boxed), hamlesini yapıyor;"
"5048","Aitch","RMB (Ring My Bell)","Aitch RMB (Ring My Bell) Türkçe Çeviri","aitch-rmb-ring-my-bell-turkce-ceviri","https://www.acupoflyrics.com/aitch-rmb-ring-my-bell-turkce-ceviri/","english_gloss_inside_translation","Verse 1: Aitch & Anita Ward / satır 10: Kaliteli adamları; Daniels'lar, Jacks'ler (viskiler)...¹"
"5048","Aitch","RMB (Ring My Bell)","Aitch RMB (Ring My Bell) Türkçe Çeviri","aitch-rmb-ring-my-bell-turkce-ceviri","https://www.acupoflyrics.com/aitch-rmb-ring-my-bell-turkce-ceviri/","footnote_marker_inside_translation","Verse 1: Aitch & Anita Ward / satır 10: Kaliteli adamları; Daniels'lar, Jacks'ler (viskiler)...¹"
"5048","Aitch","RMB (Ring My Bell)","Aitch RMB (Ring My Bell) Türkçe Çeviri","aitch-rmb-ring-my-bell-turkce-ceviri","https://www.acupoflyrics.com/aitch-rmb-ring-my-bell-turkce-ceviri/","english_gloss_inside_translation","Verse 2: Aitch / satır 12: Sert çocuk (rudeboy), en iyisi sen sırada bekle! (Yeah)"
"5048","Aitch","RMB (Ring My Bell)","Aitch RMB (Ring My Bell) Türkçe Çeviri","aitch-rmb-ring-my-bell-turkce-ceviri","https://www.acupoflyrics.com/aitch-rmb-ring-my-bell-turkce-ceviri/","english_gloss_inside_translation","Verse 2: Aitch / satır 14: Kalbini (veya kalçalarını) fena halde geri fırlatıyor (fling back);"
"5048","Aitch","RMB (Ring My Bell)","Aitch RMB (Ring My Bell) Türkçe Çeviri","aitch-rmb-ring-my-bell-turkce-ceviri","https://www.acupoflyrics.com/aitch-rmb-ring-my-bell-turkce-ceviri/","english_gloss_inside_translation","Verse 2: Aitch / satır 15: Her şeyi ifşa etmek (kiss and tell) üzereyim ama;"
"5047","JIWOO","Home Sweet Home","JIWOO Home Sweet Home Türkçe Çeviri","jiwoo-home-sweet-home-turkce-ceviri","https://www.acupoflyrics.com/jiwoo-home-sweet-home-turkce-ceviri/","english_gloss_inside_translation","Verse 1 / satır 4: Ne zaman beni yoklasan (try me), tüm savunmam çöküyor"
"5047","JIWOO","Home Sweet Home","JIWOO Home Sweet Home Türkçe Çeviri","jiwoo-home-sweet-home-turkce-ceviri","https://www.acupoflyrics.com/jiwoo-home-sweet-home-turkce-ceviri/","english_gloss_inside_translation","Verse 1 / satır 7: Süründüğün parfümden, saçına sürdüğün jöleye (grease) kadar;"
"5047","JIWOO","Home Sweet Home","JIWOO Home Sweet Home Türkçe Çeviri","jiwoo-home-sweet-home-turkce-ceviri","https://www.acupoflyrics.com/jiwoo-home-sweet-home-turkce-ceviri/","english_gloss_inside_translation","Pre-Chorus / satır 1: Atla o makinene (whip), atlasan iyi olur"
"5047","JIWOO","Home Sweet Home","JIWOO Home Sweet Home Türkçe Çeviri","jiwoo-home-sweet-home-turkce-ceviri","https://www.acupoflyrics.com/jiwoo-home-sweet-home-turkce-ceviri/","english_gloss_inside_translation","Pre-Chorus / satır 2: Bas gaza, bas gaza da gel evime (crib)"
"5047","JIWOO","Home Sweet Home","JIWOO Home Sweet Home Türkçe Çeviri","jiwoo-home-sweet-home-turkce-ceviri","https://www.acupoflyrics.com/jiwoo-home-sweet-home-turkce-ceviri/","english_gloss_inside_translation","Post-Chorus / satır 2: Laf kalabalığı için burada değiliz, işine odaklan (stay focused) (Mm-mm)"
"5047","JIWOO","Home Sweet Home","JIWOO Home Sweet Home Türkçe Çeviri","jiwoo-home-sweet-home-turkce-ceviri","https://www.acupoflyrics.com/jiwoo-home-sweet-home-turkce-ceviri/","english_gloss_inside_translation","Post-Chorus / satır 3: Ellerin her yerimde olsun, hırpala beni (do me dirty)"
"5047","JIWOO","Home Sweet Home","JIWOO Home Sweet Home Türkçe Çeviri","jiwoo-home-sweet-home-turkce-ceviri","https://www.acupoflyrics.com/jiwoo-home-sweet-home-turkce-ceviri/","english_gloss_inside_translation","Post-Chorus / satır 4: Beni ne mutlu ediyorsa onu yap, acıma (need no mercy)"
"5047","JIWOO","Home Sweet Home","JIWOO Home Sweet Home Türkçe Çeviri","jiwoo-home-sweet-home-turkce-ceviri","https://www.acupoflyrics.com/jiwoo-home-sweet-home-turkce-ceviri/","footnote_marker_inside_translation","Verse 2 / satır 3: Kalmak için yalvarıyorsun... (Dizlerindeki o morluklarla; kükre!)¹"
"5047","JIWOO","Home Sweet Home","JIWOO Home Sweet Home Türkçe Çeviri","jiwoo-home-sweet-home-turkce-ceviri","https://www.acupoflyrics.com/jiwoo-home-sweet-home-turkce-ceviri/","annotation_not_clickable_in_translation","Bruise on your knees"
"5046","SOMIN","Backseat","SOMIN Backseat Türkçe Çeviri","somin-backseat-turkce-ceviri","https://www.acupoflyrics.com/somin-backseat-turkce-ceviri/","english_gloss_inside_translation","Verse 1 / satır 1: Oyun oynamam ben, senin şu günlük zırvalıklarınla (shh) hiç işim olmaz, hayır"
"5046","SOMIN","Backseat","SOMIN Backseat Türkçe Çeviri","somin-backseat-turkce-ceviri","https://www.acupoflyrics.com/somin-backseat-turkce-ceviri/","english_gloss_inside_translation","Pre-Chorus / satır 2: Ama neden sürekli haddini (sınırı) aşmaya çalışıyorsun? Konuşma artık, yerinde kal (stay low)"
"5046","SOMIN","Backseat","SOMIN Backseat Türkçe Çeviri","somin-backseat-turkce-ceviri","https://www.acupoflyrics.com/somin-backseat-turkce-ceviri/","english_gloss_inside_translation","Pre-Chorus / satır 3: Benim ismim seni yüceltiyor, sen sadece rolünü (haddini) bilmelisin"
"5046","SOMIN","Backseat","SOMIN Backseat Türkçe Çeviri","somin-backseat-turkce-ceviri","https://www.acupoflyrics.com/somin-backseat-turkce-ceviri/","english_gloss_inside_translation","Chorus / satır 3: Benimle o yola çıkmak mı (ride) istiyorsun?"
"5046","SOMIN","Backseat","SOMIN Backseat Türkçe Çeviri","somin-backseat-turkce-ceviri","https://www.acupoflyrics.com/somin-backseat-turkce-ceviri/","english_gloss_inside_translation","Chorus / satır 4: Ama sen hep arka koltukta (backseat) kalıyorsun"
"5046","SOMIN","Backseat","SOMIN Backseat Türkçe Çeviri","somin-backseat-turkce-ceviri","https://www.acupoflyrics.com/somin-backseat-turkce-ceviri/","english_gloss_inside_translation","Verse 2 / satır 2: İkinci kez batırdın; artık tam bir aptalsın (dummy)"
"5046","SOMIN","Backseat","SOMIN Backseat Türkçe Çeviri","somin-backseat-turkce-ceviri","https://www.acupoflyrics.com/somin-backseat-turkce-ceviri/","footnote_marker_inside_translation","Verse 2 / satır 6: Bedelini öde şimdi; bu yatağı kendin yaptın (kendi düşen ağlamaz)¹"
"5046","SOMIN","Backseat","SOMIN Backseat Türkçe Çeviri","somin-backseat-turkce-ceviri","https://www.acupoflyrics.com/somin-backseat-turkce-ceviri/","annotation_not_clickable_in_translation","You made the bed"
"5045","J.seph","EASY","J.seph EASY Türkçe Çeviri","j-seph-easy-turkce-ceviri","https://www.acupoflyrics.com/j-seph-easy-turkce-ceviri/","english_gloss_inside_translation","Chorus / satır 1: Bahse girerim çok kolaymış gibi gösteriyorum (look easy)"
"5045","J.seph","EASY","J.seph EASY Türkçe Çeviri","j-seph-easy-turkce-ceviri","https://www.acupoflyrics.com/j-seph-easy-turkce-ceviri/","english_gloss_inside_translation","Chorus / satır 4: Bahse girerim yerimde olmak isterdin; evet, ben tam bir vahşiyim (animal)!"
"5045","J.seph","EASY","J.seph EASY Türkçe Çeviri","j-seph-easy-turkce-ceviri","https://www.acupoflyrics.com/j-seph-easy-turkce-ceviri/","english_gloss_inside_translation","Chorus / satır 6: Artık kavga gürültü yok, mevzu (drama) istemiyorum"
"5045","J.seph","EASY","J.seph EASY Türkçe Çeviri","j-seph-easy-turkce-ceviri","https://www.acupoflyrics.com/j-seph-easy-turkce-ceviri/","english_gloss_inside_translation","Verse 1 / satır 2: O boşluğun bile çok şık (fancy) ama biraz kapalı bir kutu gibisin sanki."
"5045","J.seph","EASY","J.seph EASY Türkçe Çeviri","j-seph-easy-turkce-ceviri","https://www.acupoflyrics.com/j-seph-easy-turkce-ceviri/","english_gloss_inside_translation","Verse 1 / satır 3: O ""kitsch"" gururun tam anlamıyla ikonik, benzersiz ve asil (classy)..."
"5045","J.seph","EASY","J.seph EASY Türkçe Çeviri","j-seph-easy-turkce-ceviri","https://www.acupoflyrics.com/j-seph-easy-turkce-ceviri/","english_gloss_inside_translation","Verse 1 / satır 6: Alacakaranlıkta, benimle (conmigo)..."
"5045","J.seph","EASY","J.seph EASY Türkçe Çeviri","j-seph-easy-turkce-ceviri","https://www.acupoflyrics.com/j-seph-easy-turkce-ceviri/","footnote_marker_inside_translation","Verse 1 / satır 7: Sessizleşen bu gece boyunca; ""Lumos, Nox"" (ışıklar yansın ve sönsün)!¹"
"5045","J.seph","EASY","J.seph EASY Türkçe Çeviri","j-seph-easy-turkce-ceviri","https://www.acupoflyrics.com/j-seph-easy-turkce-ceviri/","english_gloss_inside_translation","Verse 1 / satır 8: Hipnotize eden o gece bestemiz (nocturne)... Gün batarken; hadi dans edelim (bailemos)!"
"5045","J.seph","EASY","J.seph EASY Türkçe Çeviri","j-seph-easy-turkce-ceviri","https://www.acupoflyrics.com/j-seph-easy-turkce-ceviri/","english_gloss_inside_translation","Pre-Chorus / satır 6: Seni mest edeceğim (work you right);"
"5045","J.seph","EASY","J.seph EASY Türkçe Çeviri","j-seph-easy-turkce-ceviri","https://www.acupoflyrics.com/j-seph-easy-turkce-ceviri/","english_gloss_inside_translation","Verse 2 / satır 1: Sinyallerin gittikçe daha gizemli (cryptic) ve alışılmadık oluyor..."
"5045","J.seph","EASY","J.seph EASY Türkçe Çeviri","j-seph-easy-turkce-ceviri","https://www.acupoflyrics.com/j-seph-easy-turkce-ceviri/","english_gloss_inside_translation","Verse 2 / satır 2: Auran çok fena (rizz), ateş ediyorsun (mad lit); tam bir ""dişi sigma""sın!²"
"5045","J.seph","EASY","J.seph EASY Türkçe Çeviri","j-seph-easy-turkce-ceviri","https://www.acupoflyrics.com/j-seph-easy-turkce-ceviri/","footnote_marker_inside_translation","Verse 2 / satır 2: Auran çok fena (rizz), ateş ediyorsun (mad lit); tam bir ""dişi sigma""sın!²"
"5045","J.seph","EASY","J.seph EASY Türkçe Çeviri","j-seph-easy-turkce-ceviri","https://www.acupoflyrics.com/j-seph-easy-turkce-ceviri/","english_gloss_inside_translation","Verse 2 / satır 3: Ağırbaşlı (demure) tepkilerin var ama çok uçlarda, tuhaf bir haldesin;"
"5045","J.seph","EASY","J.seph EASY Türkçe Çeviri","j-seph-easy-turkce-ceviri","https://www.acupoflyrics.com/j-seph-easy-turkce-ceviri/","english_gloss_inside_translation","Verse 2 / satır 5: Şimdi hepsi telaşlanmaya (worked up) başladı;"
"5045","J.seph","EASY","J.seph EASY Türkçe Çeviri","j-seph-easy-turkce-ceviri","https://www.acupoflyrics.com/j-seph-easy-turkce-ceviri/","english_gloss_inside_translation","Pre-Chorus / satır 6: Seni mest edeceğim (work you right);"
"5044","BM","Move","BM Move Türkçe Çeviri","bm-move-turkce-ceviri","https://www.acupoflyrics.com/bm-move-turkce-ceviri/","english_gloss_inside_translation","Refrain / satır 2: Bebeğim, fazla iyisin (fine), çok iyi..."
"5044","BM","Move","BM Move Türkçe Çeviri","bm-move-turkce-ceviri","https://www.acupoflyrics.com/bm-move-turkce-ceviri/","english_gloss_inside_translation","Pre-Chorus / satır 1: (Ooh, ooh) Çok ileri gittiğimi sanma (intense), niyetim o değil"
"5044","BM","Move","BM Move Türkçe Çeviri","bm-move-turkce-ceviri","https://www.acupoflyrics.com/bm-move-turkce-ceviri/","english_gloss_inside_translation","Chorus / satır 1: Hareketlerine tutulup kaldım (hooked)"
"5044","BM","Move","BM Move Türkçe Çeviri","bm-move-turkce-ceviri","https://www.acupoflyrics.com/bm-move-turkce-ceviri/","english_gloss_inside_translation","Chorus / satır 8: O yüzden seni kendime bağlamam (benim yapmam) lazım sevgilim;"
"5044","BM","Move","BM Move Türkçe Çeviri","bm-move-turkce-ceviri","https://www.acupoflyrics.com/bm-move-turkce-ceviri/","english_gloss_inside_translation","Verse 2 / satır 1: Kalçalarının o süzülüşü (talking nice) ne kadar da çekici..."
"5044","BM","Move","BM Move Türkçe Çeviri","bm-move-turkce-ceviri","https://www.acupoflyrics.com/bm-move-turkce-ceviri/","english_gloss_inside_translation","Verse 2 / satır 2: Pistin tozunu attırışın (leaving it all on the floor) bebeğim..."
"5044","BM","Move","BM Move Türkçe Çeviri","bm-move-turkce-ceviri","https://www.acupoflyrics.com/bm-move-turkce-ceviri/","english_gloss_inside_translation","Refrain / satır 7: Mevzu istemiyorum, sadece seninle o kadere (karma) razıyım..."
"5044","BM","Move","BM Move Türkçe Çeviri","bm-move-turkce-ceviri","https://www.acupoflyrics.com/bm-move-turkce-ceviri/","english_gloss_inside_translation","Pre-Chorus / satır 4: Güzelim (mama), biliyorum sen de o gizli buluşmayı (rendez-vous) istiyorsun..."
"5043","Dua Lipa","Love Again","Dua Lipa Love Again Türkçe Çeviri","dua-lipa-love-again-turkce-ceviri","https://www.acupoflyrics.com/dua-lipa-love-again-turkce-ceviri/","english_gloss_inside_translation","Verse 1 / satır 3: Göğsümde hala (hissedilecek) bir şeyler kaldığına inanamıyorum bile..."
"5043","Dua Lipa","Love Again","Dua Lipa Love Again Türkçe Çeviri","dua-lipa-love-again-turkce-ceviri","https://www.acupoflyrics.com/dua-lipa-love-again-turkce-ceviri/","english_gloss_inside_translation","Refrain / satır 3: Bu şaşkınlığın (disbelief) içine hapsoldum resmen;¹"
"5043","Dua Lipa","Love Again","Dua Lipa Love Again Türkçe Çeviri","dua-lipa-love-again-turkce-ceviri","https://www.acupoflyrics.com/dua-lipa-love-again-turkce-ceviri/","footnote_marker_inside_translation","Refrain / satır 3: Bu şaşkınlığın (disbelief) içine hapsoldum resmen;¹"
"5043","Dua Lipa","Love Again","Dua Lipa Love Again Türkçe Çeviri","dua-lipa-love-again-turkce-ceviri","https://www.acupoflyrics.com/dua-lipa-love-again-turkce-ceviri/","annotation_not_clickable_in_translation","sink my teeth in disbelief"
"5042","EMIN, JONY","Камин","EMIN, JONY Камин Türkçe Çeviri","emin-jony-kamin-turkce-ceviri","https://www.acupoflyrics.com/emin-jony-kamin-turkce-ceviri/","english_gloss_inside_translation","Verse: EMIN & JONY / satır 1: Senin o ışığın (deniz fenerin)¹ sadece acı getirdi bana"
"5042","EMIN, JONY","Камин","EMIN, JONY Камин Türkçe Çeviri","emin-jony-kamin-turkce-ceviri","https://www.acupoflyrics.com/emin-jony-kamin-turkce-ceviri/","footnote_marker_inside_translation","Verse: EMIN & JONY / satır 6: Cam kırıkları üzerinde yalınayak, öyle inatla koştum ki...²"
"5042","EMIN, JONY","Камин","EMIN, JONY Камин Türkçe Çeviri","emin-jony-kamin-turkce-ceviri","https://www.acupoflyrics.com/emin-jony-kamin-turkce-ceviri/","annotation_not_clickable_in_translation","mayak"
"5042","EMIN, JONY","Камин","EMIN, JONY Камин Türkçe Çeviri","emin-jony-kamin-turkce-ceviri","https://www.acupoflyrics.com/emin-jony-kamin-turkce-ceviri/","annotation_not_clickable_in_translation","bosikom po styoklam"
"5041","BTS","Best of Me","BTS Best of Me Türkçe Çeviri","bts-best-of-me-turkce-ceviri","https://www.acupoflyrics.com/bts-best-of-me-turkce-ceviri/","english_gloss_inside_translation","Verse 1: Jimin, Jung Kook, Jin, V / satır 4: Onu bir ""hiç""e (nothing) dönüştüremezsin asla."
"5041","BTS","Best of Me","BTS Best of Me Türkçe Çeviri","bts-best-of-me-turkce-ceviri","https://www.acupoflyrics.com/bts-best-of-me-turkce-ceviri/","english_gloss_inside_translation","Chorus: Jung Kook, j-hope / satır 1: Benim en iyi yanım (best of me) sensin;"
"5041","BTS","Best of Me","BTS Best of Me Türkçe Çeviri","bts-best-of-me-turkce-ceviri","https://www.acupoflyrics.com/bts-best-of-me-turkce-ceviri/","footnote_marker_inside_translation","Verse 2: RM, SUGA / satır 6: Bense beni yaralayan o ""kılıcını"" bile öpüyorum...¹"
"5041","BTS","Best of Me","BTS Best of Me Türkçe Çeviri","bts-best-of-me-turkce-ceviri","https://www.acupoflyrics.com/bts-best-of-me-turkce-ceviri/","english_gloss_inside_translation","Post-Chorus: Jimin, Jung Kook, j-hope / satır 1: Sen benim kurtuluşumsun (salvation), sen benim kalkanımsın (shield);²"
"5041","BTS","Best of Me","BTS Best of Me Türkçe Çeviri","bts-best-of-me-turkce-ceviri","https://www.acupoflyrics.com/bts-best-of-me-turkce-ceviri/","footnote_marker_inside_translation","Post-Chorus: Jimin, Jung Kook, j-hope / satır 1: Sen benim kurtuluşumsun (salvation), sen benim kalkanımsın (shield);²"
"5041","BTS","Best of Me","BTS Best of Me Türkçe Çeviri","bts-best-of-me-turkce-ceviri","https://www.acupoflyrics.com/bts-best-of-me-turkce-ceviri/","english_gloss_inside_translation","Verse 3: SUGA, j-hope / satır 4: Aşkın kendi kanunu (yolu) zaten var..."
"5041","BTS","Best of Me","BTS Best of Me Türkçe Çeviri","bts-best-of-me-turkce-ceviri","https://www.acupoflyrics.com/bts-best-of-me-turkce-ceviri/","footnote_marker_inside_translation","Verse 3: SUGA, j-hope / satır 7: Benim en yüce efendim sensin!³"
"5041","BTS","Best of Me","BTS Best of Me Türkçe Çeviri","bts-best-of-me-turkce-ceviri","https://www.acupoflyrics.com/bts-best-of-me-turkce-ceviri/","english_gloss_inside_translation","Post-Chorus: Jung Kook, Jung Kook & Jimin, j-hope / satır 1: Sen benim kurtuluşumsun (salvation), sen benim kalkanımsın (shield);²"
"5041","BTS","Best of Me","BTS Best of Me Türkçe Çeviri","bts-best-of-me-turkce-ceviri","https://www.acupoflyrics.com/bts-best-of-me-turkce-ceviri/","footnote_marker_inside_translation","Post-Chorus: Jung Kook, Jung Kook & Jimin, j-hope / satır 1: Sen benim kurtuluşumsun (salvation), sen benim kalkanımsın (shield);²"
"5041","BTS","Best of Me","BTS Best of Me Türkçe Çeviri","bts-best-of-me-turkce-ceviri","https://www.acupoflyrics.com/bts-best-of-me-turkce-ceviri/","annotation_not_clickable_in_translation","You got the best of me"
"5040","OneRepublic","Counting Stars","OneRepublic Counting Stars Türkçe Çeviri","onerepublic-counting-stars-turkce-ceviri","https://www.acupoflyrics.com/onerepublic-counting-stars-turkce-ceviri/","english_gloss_inside_translation","Intro / satır 2: Neler olabileceğimizi (hayallerimizi) düşlüyorum hep..."
"5040","OneRepublic","Counting Stars","OneRepublic Counting Stars Türkçe Çeviri","onerepublic-counting-stars-turkce-ceviri","https://www.acupoflyrics.com/onerepublic-counting-stars-turkce-ceviri/","footnote_marker_inside_translation","Intro / satır 4: Dedim ki; ""Artık dolarları değil, yıldızları sayacağız...¹"
"5040","OneRepublic","Counting Stars","OneRepublic Counting Stars Türkçe Çeviri","onerepublic-counting-stars-turkce-ceviri","https://www.acupoflyrics.com/onerepublic-counting-stars-turkce-ceviri/","english_gloss_inside_translation","Refrain / satır 4: Hala razı (sold) olduğunu sanmıyorum hiç."
"5040","OneRepublic","Counting Stars","OneRepublic Counting Stars Türkçe Çeviri","onerepublic-counting-stars-turkce-ceviri","https://www.acupoflyrics.com/onerepublic-counting-stars-turkce-ceviri/","english_gloss_inside_translation","Verse 2 / satır 3: ""Umut"" bizim dört harfli (hope)² o kutsal kelimemiz;"
"5040","OneRepublic","Counting Stars","OneRepublic Counting Stars Türkçe Çeviri","onerepublic-counting-stars-turkce-ceviri","https://www.acupoflyrics.com/onerepublic-counting-stars-turkce-ceviri/","english_gloss_inside_translation","Refrain / satır 4: Hala razı (sold) olduğunu sanmıyorum hiç."
"5040","OneRepublic","Counting Stars","OneRepublic Counting Stars Türkçe Çeviri","onerepublic-counting-stars-turkce-ceviri","https://www.acupoflyrics.com/onerepublic-counting-stars-turkce-ceviri/","annotation_not_clickable_in_translation","Everything that kills me makes me feel alive"
"5039","BTS","War of Hormone","BTS War of Hormone Türkçe Çeviri","bts-war-of-hormone-turkce-ceviri","https://www.acupoflyrics.com/bts-war-of-hormone-turkce-ceviri/","english_gloss_inside_translation","Verse 2: Jung Kook / satır 7: Evet, ben bir ""kötü çocuğum"" (bad boy); o yüzden ""fena kızlardan"" hoşlanırım."
"5039","BTS","War of Hormone","BTS War of Hormone Türkçe Çeviri","bts-war-of-hormone-turkce-ceviri","https://www.acupoflyrics.com/bts-war-of-hormone-turkce-ceviri/","section_line_count_mismatch","Post-Chorus: All, Jung Kook, V, Both: orijinal 8, Türkçe 6"
"5039","BTS","War of Hormone","BTS War of Hormone Türkçe Çeviri","bts-war-of-hormone-turkce-ceviri","https://www.acupoflyrics.com/bts-war-of-hormone-turkce-ceviri/","footnote_marker_inside_translation","Verse 3: SUGA / satır 3: Ama sana bakarken ""vücut mimarisi"" dersi alıyorum sanki;¹"
"5039","BTS","War of Hormone","BTS War of Hormone Türkçe Çeviri","bts-war-of-hormone-turkce-ceviri","https://www.acupoflyrics.com/bts-war-of-hormone-turkce-ceviri/","english_gloss_inside_translation","Verse 4: j-hope / satır 5: Kızlar her zaman öndedir (lady first);"
"5039","BTS","War of Hormone","BTS War of Hormone Türkçe Çeviri","bts-war-of-hormone-turkce-ceviri","https://www.acupoflyrics.com/bts-war-of-hormone-turkce-ceviri/","footnote_marker_inside_translation","Verse 4: j-hope / satır 6: Kızlar soğuk birer buzdağı mı? ""Bırak gitsin"" (Let it go)!²"
"5039","BTS","War of Hormone","BTS War of Hormone Türkçe Çeviri","bts-war-of-hormone-turkce-ceviri","https://www.acupoflyrics.com/bts-war-of-hormone-turkce-ceviri/","footnote_marker_inside_translation","Verse 4: j-hope / satır 8: Bugün de hormonlarla savaştıktan sonra, şu sivilcemi patlatıyorum işte!³"
"5039","BTS","War of Hormone","BTS War of Hormone Türkçe Çeviri","bts-war-of-hormone-turkce-ceviri","https://www.acupoflyrics.com/bts-war-of-hormone-turkce-ceviri/","section_line_count_mismatch","Bridge: (Jung Kook), RM, j-hope, SUGA, All, Jimin: orijinal 10, Türkçe 5"
"5039","BTS","War of Hormone","BTS War of Hormone Türkçe Çeviri","bts-war-of-hormone-turkce-ceviri","https://www.acupoflyrics.com/bts-war-of-hormone-turkce-ceviri/","section_line_count_mismatch","Post-Chorus: All, Jung Kook, V, Both: orijinal 8, Türkçe 6"
"5038","BTS","Go Go","BTS Go Go Türkçe Çeviri","bts-go-go-turkce-ceviri","https://www.acupoflyrics.com/bts-go-go-turkce-ceviri/","section_line_count_mismatch","Intro: Jimin, RM: orijinal 6, Türkçe 4"
"5038","BTS","Go Go","BTS Go Go Türkçe Çeviri","bts-go-go-turkce-ceviri","https://www.acupoflyrics.com/bts-go-go-turkce-ceviri/","footnote_marker_inside_translation","Pre-Chorus: Jin, j-hope, Jung Kook, Jimin / satır 10: Kör talihimiz dönene dek;³"
"5038","BTS","Go Go","BTS Go Go Türkçe Çeviri","bts-go-go-turkce-ceviri","https://www.acupoflyrics.com/bts-go-go-turkce-ceviri/","section_line_count_mismatch","Chorus: V, j-hope, Jung Kook, RM, Jin: orijinal 12, Türkçe 8"
"5038","BTS","Go Go","BTS Go Go Türkçe Çeviri","bts-go-go-turkce-ceviri","https://www.acupoflyrics.com/bts-go-go-turkce-ceviri/","footnote_marker_inside_translation","Verse 2: V, RM / satır 3: Benim haftam; Pazartesi, Salı, Çarşamba, Perşembe; Cuma, Cuma, Cuma, Cuma!⁴"
"5038","BTS","Go Go","BTS Go Go Türkçe Çeviri","bts-go-go-turkce-ceviri","https://www.acupoflyrics.com/bts-go-go-turkce-ceviri/","footnote_marker_inside_translation","Pre-Chorus: Jung Kook, Jimin, j-hope / satır 6: Kör talihimiz dönene dek;³"
"5038","BTS","Go Go","BTS Go Go Türkçe Çeviri","bts-go-go-turkce-ceviri","https://www.acupoflyrics.com/bts-go-go-turkce-ceviri/","section_line_count_mismatch","Chorus: V, j-hope, Jung Kook, RM, Jin: orijinal 12, Türkçe 8"
"5036","Taylor Swift","You're On Your Own, Kid","Taylor Swift You're On Your Own, Kid Türkçe Çeviri","taylor-swift-you-re-on-your-own-kid-turkce-ceviri","https://www.acupoflyrics.com/taylor-swift-you-re-on-your-own-kid-turkce-ceviri/","english_gloss_inside_translation","Verse 1 / satır 2: Herkesin yanında çaktırmadan, istifimi bozmadan takılıyorum (play it cool)"
"5036","Taylor Swift","You're On Your Own, Kid","Taylor Swift You're On Your Own, Kid Türkçe Çeviri","taylor-swift-you-re-on-your-own-kid-turkce-ceviri","https://www.acupoflyrics.com/taylor-swift-you-re-on-your-own-kid-turkce-ceviri/","footnote_marker_inside_translation","Pre-Chorus / satır 1: Bahçedeki fıskiyelerden şömine küllerine kadar...¹"
"5036","Taylor Swift","You're On Your Own, Kid","Taylor Swift You're On Your Own, Kid Türkçe Çeviri","taylor-swift-you-re-on-your-own-kid-turkce-ceviri","https://www.acupoflyrics.com/taylor-swift-you-re-on-your-own-kid-turkce-ceviri/","footnote_marker_inside_translation","Verse 2 / satır 1: O büyük kaçışı görüyorum; elveda ""Daisy May""...²"
"5036","Taylor Swift","You're On Your Own, Kid","Taylor Swift You're On Your Own, Kid Türkçe Çeviri","taylor-swift-you-re-on-your-own-kid-turkce-ceviri","https://www.acupoflyrics.com/taylor-swift-you-re-on-your-own-kid-turkce-ceviri/","footnote_marker_inside_translation","Bridge / satır 3: Partiler düzenledim ve bedenimi aç bıraktım;³"
"5036","Taylor Swift","You're On Your Own, Kid","Taylor Swift You're On Your Own, Kid Türkçe Çeviri","taylor-swift-you-re-on-your-own-kid-turkce-ceviri","https://www.acupoflyrics.com/taylor-swift-you-re-on-your-own-kid-turkce-ceviri/","annotation_not_clickable_in_translation","Sprinkler splashes to fireplace ashes"
"5036","Taylor Swift","You're On Your Own, Kid","Taylor Swift You're On Your Own, Kid Türkçe Çeviri","taylor-swift-you-re-on-your-own-kid-turkce-ceviri","https://www.acupoflyrics.com/taylor-swift-you-re-on-your-own-kid-turkce-ceviri/","annotation_not_clickable_in_translation","starved my body"
"5036","Taylor Swift","You're On Your Own, Kid","Taylor Swift You're On Your Own, Kid Türkçe Çeviri","taylor-swift-you-re-on-your-own-kid-turkce-ceviri","https://www.acupoflyrics.com/taylor-swift-you-re-on-your-own-kid-turkce-ceviri/","annotation_not_clickable_in_translation","blood-soaked gown"
"5035","KATSEYE","Animal","KATSEYE Animal Türkçe Çeviri","katseye-animal-turkce-ceviri","https://www.acupoflyrics.com/katseye-animal-turkce-ceviri/","english_gloss_inside_translation","blok 4 / satır 1: Patron sensin, bu sirk (hayat) senin ellerinde bebeğim;"
"5035","KATSEYE","Animal","KATSEYE Animal Türkçe Çeviri","katseye-animal-turkce-ceviri","https://www.acupoflyrics.com/katseye-animal-turkce-ceviri/","english_gloss_inside_translation","blok 8 / satır 4: Sen ise vahşi bir hayvan (animal) gibi hareket ediyorsun... (Mm-mm)"
"5035","KATSEYE","Animal","KATSEYE Animal Türkçe Çeviri","katseye-animal-turkce-ceviri","https://www.acupoflyrics.com/katseye-animal-turkce-ceviri/","english_gloss_inside_translation","blok 10 / satır 4: Ne dilediğine dikkat et çünkü konu bana gelince ""sıra dışı"" (freaky) olurum..."
"5034","One Direction","No Control","One Direction No Control Türkçe Çeviri","one-direction-no-control-turkce-ceviri","https://www.acupoflyrics.com/one-direction-no-control-turkce-ceviri/","english_gloss_inside_translation","blok 6 / satır 1: Yanında uyandığımda, patlamaya hazır bir silah gibiyim (loaded gun)"
"5034","One Direction","No Control","One Direction No Control Türkçe Çeviri","one-direction-no-control-turkce-ceviri","https://www.acupoflyrics.com/one-direction-no-control-turkce-ceviri/","english_gloss_inside_translation","blok 12 / satır 1: Yanında uyandığımda, patlamaya hazır bir silah gibiyim (loaded gun)"
"5034","One Direction","No Control","One Direction No Control Türkçe Çeviri","one-direction-no-control-turkce-ceviri","https://www.acupoflyrics.com/one-direction-no-control-turkce-ceviri/","english_gloss_inside_translation","blok 14 / satır 2: Parfümü beni rehin almış (holding me ransom) sanki"
"5034","One Direction","No Control","One Direction No Control Türkçe Çeviri","one-direction-no-control-turkce-ceviri","https://www.acupoflyrics.com/one-direction-no-control-turkce-ceviri/","english_gloss_inside_translation","blok 16 / satır 1: Yanında uyandığımda, patlamaya hazır bir silah gibiyim (loaded gun)"
"5029","Madonna","Music","Madonna Music Türkçe Çeviri","madonna-music-turkce-ceviri","https://www.acupoflyrics.com/madonna-music-turkce-ceviri/","english_gloss_inside_translation","blok 6 / satır 4: Bu beni benden alacak (delirtecek)"
"5029","Madonna","Music","Madonna Music Türkçe Çeviri","madonna-music-turkce-ceviri","https://www.acupoflyrics.com/madonna-music-turkce-ceviri/","english_gloss_inside_translation","blok 10 / satır 2: Müzik, burjuvayla¹ isyankarı kaynaştırır (harmanlar)"
"5029","Madonna","Music","Madonna Music Türkçe Çeviri","madonna-music-turkce-ceviri","https://www.acupoflyrics.com/madonna-music-turkce-ceviri/","annotation_not_clickable_in_translation","Boogie-woogie / Acid rock"
"5029","Madonna","Music","Madonna Music Türkçe Çeviri","madonna-music-turkce-ceviri","https://www.acupoflyrics.com/madonna-music-turkce-ceviri/","annotation_not_clickable_in_translation","Bourgeoisie"
"5032","Coldplay","We Dance","Coldplay We Dance Türkçe Çeviri","coldplay-we-dance-turkce-ceviri","https://www.acupoflyrics.com/coldplay-we-dance-turkce-ceviri/","english_gloss_inside_translation","blok 8 / satır 1: Tüm dünya tek bir aşk hikayesinde (romance)..."
"5031","Justin Bieber","EVERYTHING HALLELUJAH","Justin Bieber EVERYTHING HALLELUJAH Türkçe Çeviri","justin-bieber-everything-hallelujah-turkce-ceviri","https://www.acupoflyrics.com/justin-bieber-everything-hallelujah-turkce-ceviri/","english_gloss_inside_translation","blok 6 / satır 2: Sanki bir kenara atılmış (left out to dry), unutulmuş gibiydim."
"5031","Justin Bieber","EVERYTHING HALLELUJAH","Justin Bieber EVERYTHING HALLELUJAH Türkçe Çeviri","justin-bieber-everything-hallelujah-turkce-ceviri","https://www.acupoflyrics.com/justin-bieber-everything-hallelujah-turkce-ceviri/","annotation_not_clickable_in_translation","Hallelujah"
"5030","BTS","Dynamite","BTS Dynamite Türkçe Çeviri","bts-dynamite-turkce-ceviri","https://www.acupoflyrics.com/bts-dynamite-turkce-ceviri/","english_gloss_inside_translation","blok 4 / satır 2: Bir bardak süt; hadi coşalım (rock and roll)!"
"5030","BTS","Dynamite","BTS Dynamite Türkçe Çeviri","bts-dynamite-turkce-ceviri","https://www.acupoflyrics.com/bts-dynamite-turkce-ceviri/","footnote_marker_inside_translation","blok 4 / satır 4: Süzülüyorum, sanki bir ""Rolling Stone"" gibi...¹"
"5030","BTS","Dynamite","BTS Dynamite Türkçe Çeviri","bts-dynamite-turkce-ceviri","https://www.acupoflyrics.com/bts-dynamite-turkce-ceviri/","english_gloss_inside_translation","blok 4 / satır 5: Eve yürürken şarkılar mırıldanıyorum (sing-song)"
"5030","BTS","Dynamite","BTS Dynamite Türkçe Çeviri","bts-dynamite-turkce-ceviri","https://www.acupoflyrics.com/bts-dynamite-turkce-ceviri/","footnote_marker_inside_translation","blok 4 / satır 6: En tepeye zıplıyorum, tıpkı LeBron gibi!²"
"5030","BTS","Dynamite","BTS Dynamite Türkçe Çeviri","bts-dynamite-turkce-ceviri","https://www.acupoflyrics.com/bts-dynamite-turkce-ceviri/","english_gloss_inside_translation","blok 4 / satır 8: Buzlu çay ve bir el masa tenisi (ping pong)"
"5030","BTS","Dynamite","BTS Dynamite Türkçe Çeviri","bts-dynamite-turkce-ceviri","https://www.acupoflyrics.com/bts-dynamite-turkce-ceviri/","english_gloss_inside_translation","blok 6 / satır 1: Ortalık hareketleniyor (heavy), bas vuruşlarını duyuyor musun? Ben hazırım! (Woo-hoo)"
"5030","BTS","Dynamite","BTS Dynamite Türkçe Çeviri","bts-dynamite-turkce-ceviri","https://www.acupoflyrics.com/bts-dynamite-turkce-ceviri/","english_gloss_inside_translation","blok 6 / satır 2: Hayat bal kadar tatlı; evet, bu ritimden para (cha-ching) sesi geliyor resmen!"
"5030","BTS","Dynamite","BTS Dynamite Türkçe Çeviri","bts-dynamite-turkce-ceviri","https://www.acupoflyrics.com/bts-dynamite-turkce-ceviri/","english_gloss_inside_translation","blok 6 / satır 3: Doz aşımı disko (disco overload); bayılırım buna, gitmeye hazırım!"
"5030","BTS","Dynamite","BTS Dynamite Türkçe Çeviri","bts-dynamite-turkce-ceviri","https://www.acupoflyrics.com/bts-dynamite-turkce-ceviri/","english_gloss_inside_translation","blok 6 / satır 4: Ben bir elmasım, biliyorsun; ben parlarım (glow up)!"
"5030","BTS","Dynamite","BTS Dynamite Türkçe Çeviri","bts-dynamite-turkce-ceviri","https://www.acupoflyrics.com/bts-dynamite-turkce-ceviri/","english_gloss_inside_translation","blok 10 / satır 2: Haber ver herkese (word up), lafını konuştur; sanki kuralları yıkıyormuş (off the wall) gibi hareket et!"
"5030","BTS","Dynamite","BTS Dynamite Türkçe Çeviri","bts-dynamite-turkce-ceviri","https://www.acupoflyrics.com/bts-dynamite-turkce-ceviri/","english_gloss_inside_translation","blok 10 / satır 4: Hanımlar ve beyler, ilaç bende; o yüzden gözünüzü toptan (hedefimizden) ayırmayın!"
"5028","Shawn Mendes","Treat You Better","Shawn Mendes Treat You Better Türkçe Çeviri","shawn-mendes-treat-you-better-turkce-ceviri","https://www.acupoflyrics.com/shawn-mendes-treat-you-better-turkce-ceviri/","english_gloss_inside_translation","blok 2 / satır 3: Eğer yanılıyorsam (off) söyleyebilirsin ama yüzünden her şey okunuyor"
"5028","Shawn Mendes","Treat You Better","Shawn Mendes Treat You Better Türkçe Çeviri","shawn-mendes-treat-you-better-turkce-ceviri","https://www.acupoflyrics.com/shawn-mendes-treat-you-better-turkce-ceviri/","english_gloss_inside_translation","blok 2 / satır 5: Tüm vaktini bu ""yanlış mevzu""nun (wrong situation) içinde harcıyorsun"
"5028","Shawn Mendes","Treat You Better","Shawn Mendes Treat You Better Türkçe Çeviri","shawn-mendes-treat-you-better-turkce-ceviri","https://www.acupoflyrics.com/shawn-mendes-treat-you-better-turkce-ceviri/","annotation_not_clickable_in_translation","treat you better"
"5028","Shawn Mendes","Treat You Better","Shawn Mendes Treat You Better Türkçe Çeviri","shawn-mendes-treat-you-better-turkce-ceviri","https://www.acupoflyrics.com/shawn-mendes-treat-you-better-turkce-ceviri/","annotation_not_clickable_in_translation","wasted cryin"
"5027","Olivia Dean","Man I Need","Olivia Dean Man I Need Türkçe Çeviri","olivia-dean-man-i-need-turkce-ceviri","https://www.acupoflyrics.com/olivia-dean-man-i-need-turkce-ceviri/","english_gloss_inside_translation","blok 4 / satır 2: Her şeyi bana açık açık (harf harf) anlatmana ihtiyacım var"
"5027","Olivia Dean","Man I Need","Olivia Dean Man I Need Türkçe Çeviri","olivia-dean-man-i-need-turkce-ceviri","https://www.acupoflyrics.com/olivia-dean-man-i-need-turkce-ceviri/","english_gloss_inside_translation","blok 4 / satır 4: Bu sanki bir tür simya (alchemy) gibi"
"5027","Olivia Dean","Man I Need","Olivia Dean Man I Need Türkçe Çeviri","olivia-dean-man-i-need-turkce-ceviri","https://www.acupoflyrics.com/olivia-dean-man-i-need-turkce-ceviri/","english_gloss_inside_translation","blok 4 / satır 6: Hemen ortama ayak uydurabilirim (slot right in)"
"5027","Olivia Dean","Man I Need","Olivia Dean Man I Need Türkçe Çeviri","olivia-dean-man-i-need-turkce-ceviri","https://www.acupoflyrics.com/olivia-dean-man-i-need-turkce-ceviri/","english_gloss_inside_translation","blok 8 / satır 3: Ne tür bir konuşma (talk) olursa olsun, gel hadi o zaman"
"5027","Olivia Dean","Man I Need","Olivia Dean Man I Need Türkçe Çeviri","olivia-dean-man-i-need-turkce-ceviri","https://www.acupoflyrics.com/olivia-dean-man-i-need-turkce-ceviri/","english_gloss_inside_translation","blok 12 / satır 3: O yüzden bebeğim, artık aynı noktada buluşalım (same page)"
"5027","Olivia Dean","Man I Need","Olivia Dean Man I Need Türkçe Çeviri","olivia-dean-man-i-need-turkce-ceviri","https://www.acupoflyrics.com/olivia-dean-man-i-need-turkce-ceviri/","english_gloss_inside_translation","blok 12 / satır 4: Beni sürekli satır aralarını okumaya (read between the lines) zorlama"
"5026","Olivia Rodrigo","drop dead","Olivia Rodrigo drop dead Türkçe Çeviri","olivia-rodrigo-drop-dead-turkce-ceviri","https://www.acupoflyrics.com/olivia-rodrigo-drop-dead-turkce-ceviri/","english_gloss_inside_translation","blok 6 / satır 11: Tüm gece işaretler (hints) çakıp durdum"
"5026","Olivia Rodrigo","drop dead","Olivia Rodrigo drop dead Türkçe Çeviri","olivia-rodrigo-drop-dead-turkce-ceviri","https://www.acupoflyrics.com/olivia-rodrigo-drop-dead-turkce-ceviri/","annotation_not_clickable_in_translation","Walls of Versailles"
"5025","Justin Bieber","Beauty And A Beat","Justin Bieber Beauty And A Beat Türkçe Çeviri","justin-bieber-beauty-and-a-beat-turkce-ceviri","https://www.acupoflyrics.com/justin-bieber-beauty-and-a-beat-turkce-ceviri/","english_gloss_inside_translation","blok 12 / satır 4: Şu an en gözde (hottest ticket) sensin artık, oh (Ayy, ayy, ayy)"
"5025","Justin Bieber","Beauty And A Beat","Justin Bieber Beauty And A Beat Türkçe Çeviri","justin-bieber-beauty-and-a-beat-turkce-ceviri","https://www.acupoflyrics.com/justin-bieber-beauty-and-a-beat-turkce-ceviri/","english_gloss_inside_translation","blok 18 / satır 6: Biliyorsun, hepsini o ""barutla"" (ether) yakıp geçeceğim"
"5025","Justin Bieber","Beauty And A Beat","Justin Bieber Beauty And A Beat Türkçe Çeviri","justin-bieber-beauty-and-a-beat-turkce-ceviri","https://www.acupoflyrics.com/justin-bieber-beauty-and-a-beat-turkce-ceviri/","english_gloss_inside_translation","blok 18 / satır 13: Ben bu ritmi ""yiyip bitirdiğimde"" (eats),"
"5025","Justin Bieber","Beauty And A Beat","Justin Bieber Beauty And A Beat Türkçe Çeviri","justin-bieber-beauty-and-a-beat-turkce-ceviri","https://www.acupoflyrics.com/justin-bieber-beauty-and-a-beat-turkce-ceviri/","english_gloss_inside_translation","blok 18 / satır 14: Geriye sadece bir enkaz (deceased) kalacak!"
"5024","Malcolm Todd","Earrings","Malcolm Todd Earrings Türkçe Çeviri","malcolm-todd-earrings-turkce-ceviri","https://www.acupoflyrics.com/malcolm-todd-earrings-turkce-ceviri/","english_gloss_inside_translation","blok 2 / satır 7: Çünkü o cesareti (heart) hiçbir zaman toplayamadın;"
"5024","Malcolm Todd","Earrings","Malcolm Todd Earrings Türkçe Çeviri","malcolm-todd-earrings-turkce-ceviri","https://www.acupoflyrics.com/malcolm-todd-earrings-turkce-ceviri/","annotation_not_clickable_in_translation","Never had the heart"
"5024","Malcolm Todd","Earrings","Malcolm Todd Earrings Türkçe Çeviri","malcolm-todd-earrings-turkce-ceviri","https://www.acupoflyrics.com/malcolm-todd-earrings-turkce-ceviri/","annotation_not_clickable_in_translation","Extra, extra, read all about it"
"5024","Malcolm Todd","Earrings","Malcolm Todd Earrings Türkçe Çeviri","malcolm-todd-earrings-turkce-ceviri","https://www.acupoflyrics.com/malcolm-todd-earrings-turkce-ceviri/","annotation_not_clickable_in_translation","In his feelings"
"5023","Oasis","Wonderwall","Oasis Wonderwall Türkçe Çeviri","oasis-wonderwall-turkce-ceviri","https://www.acupoflyrics.com/oasis-wonderwall-turkce-ceviri/","english_gloss_inside_translation","blok 4 / satır 1: Ritim hızlanıyor (backbeat), sokaklarda konuşuluyor;"
"5023","Oasis","Wonderwall","Oasis Wonderwall Türkçe Çeviri","oasis-wonderwall-turkce-ceviri","https://www.acupoflyrics.com/oasis-wonderwall-turkce-ceviri/","english_gloss_inside_translation","blok 8 / satır 3: Ve ne olursa olsun (after all);"
"5023","Oasis","Wonderwall","Oasis Wonderwall Türkçe Çeviri","oasis-wonderwall-turkce-ceviri","https://www.acupoflyrics.com/oasis-wonderwall-turkce-ceviri/","english_gloss_inside_translation","blok 8 / satır 4: Sen benim hayat dayanağımsın (wonderwall)."
"5022","BTS","Louder than bombs","BTS Louder than bombs Türkçe Çeviri","bts-louder-than-bombs-turkce-ceviri","https://www.acupoflyrics.com/bts-louder-than-bombs-turkce-ceviri/","english_gloss_inside_translation","blok 8 / satır 3: Tek başıma sessizce (mute) yıkılıyorum;"
"5022","BTS","Louder than bombs","BTS Louder than bombs Türkçe Çeviri","bts-louder-than-bombs-turkce-ceviri","https://www.acupoflyrics.com/bts-louder-than-bombs-turkce-ceviri/","english_gloss_inside_translation","blok 14 / satır 1: İnsanlar bizim yerimizde olmak istediklerini söylüyor (bize imreniyorlar)"
"5022","BTS","Louder than bombs","BTS Louder than bombs Türkçe Çeviri","bts-louder-than-bombs-turkce-ceviri","https://www.acupoflyrics.com/bts-louder-than-bombs-turkce-ceviri/","annotation_not_clickable_in_translation","We picked this game"
"5021","Taylor Swift","The Fate of Ophelia","Taylor Swift The Fate of Ophelia Türkçe Çeviri","taylor-swift-the-fate-of-ophelia-turkce-ceviri","https://www.acupoflyrics.com/taylor-swift-the-fate-of-ophelia-turkce-ceviri/","english_gloss_inside_translation","blok 2 / satır 3: Efsanelere göre, tam bir kundakçısın (pyro)"
"5021","Taylor Swift","The Fate of Ophelia","Taylor Swift The Fate of Ophelia Türkçe Çeviri","taylor-swift-the-fate-of-ophelia-turkce-ceviri","https://www.acupoflyrics.com/taylor-swift-the-fate-of-ophelia-turkce-ceviri/","english_gloss_inside_translation","blok 8 / satır 2: Senin ellerine, senin ekibine ve senin enerjine (vibe) bağlıyım artık"
"5021","Taylor Swift","The Fate of Ophelia","Taylor Swift The Fate of Ophelia Türkçe Çeviri","taylor-swift-the-fate-of-ophelia-turkce-ceviri","https://www.acupoflyrics.com/taylor-swift-the-fate-of-ophelia-turkce-ceviri/","english_gloss_inside_translation","blok 12 / satır 2: Araf’ta (purgatory) takılıp kalabilirdim"
"5020","Sabrina Carpenter","Manchild","Sabrina Carpenter Manchild Türkçe Çeviri","sabrina-carpenter-manchild-turkce-ceviri","https://www.acupoflyrics.com/sabrina-carpenter-manchild-turkce-ceviri/","english_gloss_inside_translation","blok 4 / satır 2: Üstündeki şu kombin; Tanrım, umarım bir şakadır (ironik)"
"5020","Sabrina Carpenter","Manchild","Sabrina Carpenter Manchild Türkçe Çeviri","sabrina-carpenter-manchild-turkce-ceviri","https://www.acupoflyrics.com/sabrina-carpenter-manchild-turkce-ceviri/","english_gloss_inside_translation","blok 8 / satır 5: Öz-bakım (self-care) nedir hiç duymamışsın"
"5020","Sabrina Carpenter","Manchild","Sabrina Carpenter Manchild Türkçe Çeviri","sabrina-carpenter-manchild-turkce-ceviri","https://www.acupoflyrics.com/sabrina-carpenter-manchild-turkce-ceviri/","english_gloss_inside_translation","blok 14 / satır 1: Oh, ben zoru oynayan (hard to get) çocukları severim"
"5020","Sabrina Carpenter","Manchild","Sabrina Carpenter Manchild Türkçe Çeviri","sabrina-carpenter-manchild-turkce-ceviri","https://www.acupoflyrics.com/sabrina-carpenter-manchild-turkce-ceviri/","english_gloss_inside_translation","blok 14 / satır 2: Ve tüm o beceriksiz (incompetent) erkeklere bayılırım(!)"
"5019","Olivia Rodrigo","The Cure","Olivia Rodrigo The Cure Türkçe Çeviri","olivia-rodrigo-the-cure-turkce-ceviri","https://www.acupoflyrics.com/olivia-rodrigo-the-cure-turkce-ceviri/","english_gloss_inside_translation","blok 2 / satır 3: Bu kez panzehiri (antidote) bulduğumu sanmıştım"
"5019","Olivia Rodrigo","The Cure","Olivia Rodrigo The Cure Türkçe Çeviri","olivia-rodrigo-the-cure-turkce-ceviri","https://www.acupoflyrics.com/olivia-rodrigo-the-cure-turkce-ceviri/","english_gloss_inside_translation","blok 6 / satır 3: Evet, bir ilaç (medication) gibi geliyor bu, bana iyi geldiğine eminim"
"5019","Olivia Rodrigo","The Cure","Olivia Rodrigo The Cure Türkçe Çeviri","olivia-rodrigo-the-cure-turkce-ceviri","https://www.acupoflyrics.com/olivia-rodrigo-the-cure-turkce-ceviri/","english_gloss_inside_translation","blok 6 / satır 5: Çünkü asla asıl çare (cure) olmayacak"
"5016","BTS","Into the Sun","BTS Into the Sun Türkçe Çeviri","bts-into-the-sun-turkce-ceviri","https://www.acupoflyrics.com/bts-into-the-sun-turkce-ceviri/","annotation_not_clickable_in_translation","Into the sun"
"5016","BTS","Into the Sun","BTS Into the Sun Türkçe Çeviri","bts-into-the-sun-turkce-ceviri","https://www.acupoflyrics.com/bts-into-the-sun-turkce-ceviri/","annotation_not_clickable_in_translation","24/7 feel like 24"
"5016","BTS","Into the Sun","BTS Into the Sun Türkçe Çeviri","bts-into-the-sun-turkce-ceviri","https://www.acupoflyrics.com/bts-into-the-sun-turkce-ceviri/","annotation_not_clickable_in_translation","개와 늑대의 시간 (L'heure entre chien et loup)"
"5016","BTS","Into the Sun","BTS Into the Sun Türkçe Çeviri","bts-into-the-sun-turkce-ceviri","https://www.acupoflyrics.com/bts-into-the-sun-turkce-ceviri/","annotation_not_clickable_in_translation","불을 건네줘, 이 기름 속 (Ateşi ver bana, bu yağın içinde)"
"5014","BTS","Please","BTS Please Türkçe Çeviri","bts-please-turkce-ceviri","https://www.acupoflyrics.com/bts-please-turkce-ceviri/","english_gloss_inside_translation","Chorus: V, Jin, j-hope / satır 2: En kötü günümde (worst day) yanımda ol yeter."
"5014","BTS","Please","BTS Please Türkçe Çeviri","bts-please-turkce-ceviri","https://www.acupoflyrics.com/bts-please-turkce-ceviri/","annotation_not_clickable_in_translation","Even hell, I'm down"
"5014","BTS","Please","BTS Please Türkçe Çeviri","bts-please-turkce-ceviri","https://www.acupoflyrics.com/bts-please-turkce-ceviri/","annotation_not_clickable_in_translation","가시밭길 (Dikenli yol)"
"5014","BTS","Please","BTS Please Türkçe Çeviri","bts-please-turkce-ceviri","https://www.acupoflyrics.com/bts-please-turkce-ceviri/","annotation_not_clickable_in_translation","내 잔이 넘치니 (Kadehim taşıyor)"
"5011","BTS","One More Night","BTS One More Night Türkçe Çeviri","bts-one-more-night-turkce-ceviri","https://www.acupoflyrics.com/bts-one-more-night-turkce-ceviri/","annotation_not_clickable_in_translation","너무 닮아버린 그림자 (Birbirine benzeyen gölgeler)"
"5011","BTS","One More Night","BTS One More Night Türkçe Çeviri","bts-one-more-night-turkce-ceviri","https://www.acupoflyrics.com/bts-one-more-night-turkce-ceviri/","annotation_not_clickable_in_translation","24 hours in the tub"
"5011","BTS","One More Night","BTS One More Night Türkçe Çeviri","bts-one-more-night-turkce-ceviri","https://www.acupoflyrics.com/bts-one-more-night-turkce-ceviri/","annotation_not_clickable_in_translation","Cloud nine"
"5011","BTS","One More Night","BTS One More Night Türkçe Çeviri","bts-one-more-night-turkce-ceviri","https://www.acupoflyrics.com/bts-one-more-night-turkce-ceviri/","annotation_not_clickable_in_translation","한여름 밤의 꿈 (Bir Yaz Gecesi Rüyası)"
"5011","BTS","One More Night","BTS One More Night Türkçe Çeviri","bts-one-more-night-turkce-ceviri","https://www.acupoflyrics.com/bts-one-more-night-turkce-ceviri/","annotation_not_clickable_in_translation","Bad morning"
"5009","BTS","they don't know 'bout us","BTS they don't know 'bout us Türkçe Çeviri","bts-they-don-t-know-bout-us-turkce-ceviri","https://www.acupoflyrics.com/bts-they-don-t-know-bout-us-turkce-ceviri/","annotation_not_clickable_in_translation","촌놈 (Chonnom)"
"5009","BTS","they don't know 'bout us","BTS they don't know 'bout us Türkçe Çeviri","bts-they-don-t-know-bout-us-turkce-ceviri","https://www.acupoflyrics.com/bts-they-don-t-know-bout-us-turkce-ceviri/","annotation_not_clickable_in_translation","오지랖 (Ojirap)"
"5009","BTS","they don't know 'bout us","BTS they don't know 'bout us Türkçe Çeviri","bts-they-don-t-know-bout-us-turkce-ceviri","https://www.acupoflyrics.com/bts-they-don-t-know-bout-us-turkce-ceviri/","annotation_not_clickable_in_translation","Asian Heroes"
"5007","BTS","Like Animals","BTS Like Animals Türkçe Çeviri","bts-like-animals-turkce-ceviri","https://www.acupoflyrics.com/bts-like-animals-turkce-ceviri/","annotation_not_clickable_in_translation","Shadow's a mess / My own dirt"
"5007","BTS","Like Animals","BTS Like Animals Türkçe Çeviri","bts-like-animals-turkce-ceviri","https://www.acupoflyrics.com/bts-like-animals-turkce-ceviri/","annotation_not_clickable_in_translation","Animals / Eat this life"
"5007","BTS","Like Animals","BTS Like Animals Türkçe Çeviri","bts-like-animals-turkce-ceviri","https://www.acupoflyrics.com/bts-like-animals-turkce-ceviri/","annotation_not_clickable_in_translation","Six feet down"
"5007","BTS","Like Animals","BTS Like Animals Türkçe Çeviri","bts-like-animals-turkce-ceviri","https://www.acupoflyrics.com/bts-like-animals-turkce-ceviri/","annotation_not_clickable_in_translation","None of us are tameable"
"5005","BTS","Normal","BTS Normal Türkçe Çeviri","bts-normal-turkce-ceviri","https://www.acupoflyrics.com/bts-normal-turkce-ceviri/","annotation_not_clickable_in_translation","Kerosene / Dopamine"
"5005","BTS","Normal","BTS Normal Türkçe Çeviri","bts-normal-turkce-ceviri","https://www.acupoflyrics.com/bts-normal-turkce-ceviri/","annotation_not_clickable_in_translation","Heavy is the head"
"5005","BTS","Normal","BTS Normal Türkçe Çeviri","bts-normal-turkce-ceviri","https://www.acupoflyrics.com/bts-normal-turkce-ceviri/","annotation_not_clickable_in_translation","Heart of steel"
"5005","BTS","Normal","BTS Normal Türkçe Çeviri","bts-normal-turkce-ceviri","https://www.acupoflyrics.com/bts-normal-turkce-ceviri/","annotation_not_clickable_in_translation","What is even all of me?"
"5001","BTS","Merry Go Round","BTS Merry Go Round Türkçe Çeviri","bts-merry-go-round-turkce-ceviri","https://www.acupoflyrics.com/bts-merry-go-round-turkce-ceviri/","annotation_not_clickable_in_translation","Merry-go-round (Atlıkarınca)"
"5001","BTS","Merry Go Round","BTS Merry Go Round Türkçe Çeviri","bts-merry-go-round-turkce-ceviri","https://www.acupoflyrics.com/bts-merry-go-round-turkce-ceviri/","annotation_not_clickable_in_translation","쳇바퀴 (Hamster Wheel)"
"5001","BTS","Merry Go Round","BTS Merry Go Round Türkçe Çeviri","bts-merry-go-round-turkce-ceviri","https://www.acupoflyrics.com/bts-merry-go-round-turkce-ceviri/","annotation_not_clickable_in_translation","동심 (Dongsim)"
"5001","BTS","Merry Go Round","BTS Merry Go Round Türkçe Çeviri","bts-merry-go-round-turkce-ceviri","https://www.acupoflyrics.com/bts-merry-go-round-turkce-ceviri/","annotation_not_clickable_in_translation","My bed is my coffin"
"5001","BTS","Merry Go Round","BTS Merry Go Round Türkçe Çeviri","bts-merry-go-round-turkce-ceviri","https://www.acupoflyrics.com/bts-merry-go-round-turkce-ceviri/","annotation_not_clickable_in_translation","Thinking about not thinking"
"4999","BTS","2.0","BTS 2.0 Türkçe Çeviri","bts-2-0-turkce-ceviri","https://www.acupoflyrics.com/bts-2-0-turkce-ceviri/","section_line_count_mismatch","Verse 3: RM, j-hope: orijinal 3, Türkçe 1"
"4999","BTS","2.0","BTS 2.0 Türkçe Çeviri","bts-2-0-turkce-ceviri","https://www.acupoflyrics.com/bts-2-0-turkce-ceviri/","annotation_not_clickable_in_translation","뜀틀 (Vaulting Horse)"
"4999","BTS","2.0","BTS 2.0 Türkçe Çeviri","bts-2-0-turkce-ceviri","https://www.acupoflyrics.com/bts-2-0-turkce-ceviri/","annotation_not_clickable_in_translation","Pull up at your block"
"4999","BTS","2.0","BTS 2.0 Türkçe Çeviri","bts-2-0-turkce-ceviri","https://www.acupoflyrics.com/bts-2-0-turkce-ceviri/","annotation_not_clickable_in_translation","2.0 Update"
"4999","BTS","2.0","BTS 2.0 Türkçe Çeviri","bts-2-0-turkce-ceviri","https://www.acupoflyrics.com/bts-2-0-turkce-ceviri/","annotation_not_clickable_in_translation","폐품 (Waste/Scraps)"
"4999","BTS","2.0","BTS 2.0 Türkçe Çeviri","bts-2-0-turkce-ceviri","https://www.acupoflyrics.com/bts-2-0-turkce-ceviri/","annotation_not_clickable_in_translation","Hit a lick"
"4997","BTS","FYA","BTS FYA Türkçe Çeviri","bts-fya-turkce-ceviri","https://www.acupoflyrics.com/bts-fya-turkce-ceviri/","annotation_not_clickable_in_translation","Lit / Fire"
"4997","BTS","FYA","BTS FYA Türkçe Çeviri","bts-fya-turkce-ceviri","https://www.acupoflyrics.com/bts-fya-turkce-ceviri/","annotation_not_clickable_in_translation","Gas"
"4997","BTS","FYA","BTS FYA Türkçe Çeviri","bts-fya-turkce-ceviri","https://www.acupoflyrics.com/bts-fya-turkce-ceviri/","annotation_not_clickable_in_translation","Slime"
"4997","BTS","FYA","BTS FYA Türkçe Çeviri","bts-fya-turkce-ceviri","https://www.acupoflyrics.com/bts-fya-turkce-ceviri/","annotation_not_clickable_in_translation","엉뜨 (Eong-tte)"
"4997","BTS","FYA","BTS FYA Türkçe Çeviri","bts-fya-turkce-ceviri","https://www.acupoflyrics.com/bts-fya-turkce-ceviri/","annotation_not_clickable_in_translation","번지 (Bungee)"
"4993","BTS","Aliens","BTS Aliens Türkçe Çeviri","bts-aliens-turkce-ceviri","https://www.acupoflyrics.com/bts-aliens-turkce-ceviri/","annotation_not_clickable_in_translation","중모리 (Jungmori)"
"4993","BTS","Aliens","BTS Aliens Türkçe Çeviri","bts-aliens-turkce-ceviri","https://www.acupoflyrics.com/bts-aliens-turkce-ceviri/","annotation_not_clickable_in_translation","가나 to the 하 (Gana-Ha)"
"4993","BTS","Aliens","BTS Aliens Türkçe Çeviri","bts-aliens-turkce-ceviri","https://www.acupoflyrics.com/bts-aliens-turkce-ceviri/","annotation_not_clickable_in_translation","해는 동쪽에서 risin' (sun rises in the east)"
"4993","BTS","Aliens","BTS Aliens Türkçe Çeviri","bts-aliens-turkce-ceviri","https://www.acupoflyrics.com/bts-aliens-turkce-ceviri/","annotation_not_clickable_in_translation","김구 선생님 (Kim Gu)"
"4993","BTS","Aliens","BTS Aliens Türkçe Çeviri","bts-aliens-turkce-ceviri","https://www.acupoflyrics.com/bts-aliens-turkce-ceviri/","annotation_not_clickable_in_translation","헛 둘 (Heot dul)"
"4991","BTS","Hooligan","BTS Hooligan Türkçe Çeviri","bts-hooligan-turkce-ceviri","https://www.acupoflyrics.com/bts-hooligan-turkce-ceviri/","section_line_count_mismatch","Verse 2: SUGA, Jung Kook, Jimin: orijinal 4, Türkçe 2"
"4991","BTS","Hooligan","BTS Hooligan Türkçe Çeviri","bts-hooligan-turkce-ceviri","https://www.acupoflyrics.com/bts-hooligan-turkce-ceviri/","english_gloss_inside_translation","Bridge: RM / satır 2: İşte bu K-tarzı, burada daha iyi bir patlama (pop) lazım!"
"4991","BTS","Hooligan","BTS Hooligan Türkçe Çeviri","bts-hooligan-turkce-ceviri","https://www.acupoflyrics.com/bts-hooligan-turkce-ceviri/","annotation_not_clickable_in_translation","beat goin' hooligan"
"4991","BTS","Hooligan","BTS Hooligan Türkçe Çeviri","bts-hooligan-turkce-ceviri","https://www.acupoflyrics.com/bts-hooligan-turkce-ceviri/","annotation_not_clickable_in_translation","얼쑤 (eolssu)"
"4991","BTS","Hooligan","BTS Hooligan Türkçe Çeviri","bts-hooligan-turkce-ceviri","https://www.acupoflyrics.com/bts-hooligan-turkce-ceviri/","annotation_not_clickable_in_translation","muse"
"4991","BTS","Hooligan","BTS Hooligan Türkçe Çeviri","bts-hooligan-turkce-ceviri","https://www.acupoflyrics.com/bts-hooligan-turkce-ceviri/","annotation_not_clickable_in_translation","campus"
"4991","BTS","Hooligan","BTS Hooligan Türkçe Çeviri","bts-hooligan-turkce-ceviri","https://www.acupoflyrics.com/bts-hooligan-turkce-ceviri/","annotation_not_clickable_in_translation","Bassline"
"4991","BTS","Hooligan","BTS Hooligan Türkçe Çeviri","bts-hooligan-turkce-ceviri","https://www.acupoflyrics.com/bts-hooligan-turkce-ceviri/","annotation_not_clickable_in_translation","round the clock"
"4973","BLACKPINK","Fxxxboy","BLACKPINK Fxxxboy Türkçe Çeviri","blackpink-fxxxboy-turkce-ceviri","https://www.acupoflyrics.com/blackpink-fxxxboy-turkce-ceviri/","annotation_not_clickable_in_translation","Fuckboy kısaca"
"4971","BLACKPINK","Champion","BLACKPINK Champion Türkçe Çeviri","blackpink-champion-turkce-ceviri","https://www.acupoflyrics.com/blackpink-champion-turkce-ceviri/","english_gloss_inside_translation","Verse 1: Jennie, All / satır 1: Vazgeçmiyorum, sezgilerime güveniyorum (okay)"
"4971","BLACKPINK","Champion","BLACKPINK Champion Türkçe Çeviri","blackpink-champion-turkce-ceviri","https://www.acupoflyrics.com/blackpink-champion-turkce-ceviri/","english_gloss_inside_translation","Verse 1: Jennie, All / satır 2: Zaman daralıyor ama vizyonu göremiyorlar (okay)"
"4971","BLACKPINK","Champion","BLACKPINK Champion Türkçe Çeviri","blackpink-champion-turkce-ceviri","https://www.acupoflyrics.com/blackpink-champion-turkce-ceviri/","english_gloss_inside_translation","Verse 1: Jennie, All / satır 3: Pes etmiyorum, hayır, niyetim yok (okay)"
"4971","BLACKPINK","Champion","BLACKPINK Champion Türkçe Çeviri","blackpink-champion-turkce-ceviri","https://www.acupoflyrics.com/blackpink-champion-turkce-ceviri/","english_gloss_inside_translation","Verse 2: Lisa, All / satır 1: Çektik kapıya, lüks bir Sprinter'da dört kişiyiz (okay)"
"4971","BLACKPINK","Champion","BLACKPINK Champion Türkçe Çeviri","blackpink-champion-turkce-ceviri","https://www.acupoflyrics.com/blackpink-champion-turkce-ceviri/","english_gloss_inside_translation","Verse 2: Lisa, All / satır 2: Kaybedenleri akşam yemeği niyetine yeriz biz (okay)"
"4971","BLACKPINK","Champion","BLACKPINK Champion Türkçe Çeviri","blackpink-champion-turkce-ceviri","https://www.acupoflyrics.com/blackpink-champion-turkce-ceviri/","english_gloss_inside_translation","Verse 2: Lisa, All / satır 3: Sert vururuz, kalp krizi gibi (okay)"
"4941","i-dle","Mono","i-dle Mono Türkçe Çeviri","i-dle-mono-turkce-ceviri","https://www.acupoflyrics.com/i-dle-mono-turkce-ceviri/","english_gloss_inside_translation","Verse 1: Miyeon, Soyeon / satır 5: ""Gürültü"", modern toplumun ve sosyal medyanın yarattığı bilgi kirliliğini ve üzerimizdeki baskıyı simgeler. Soyeon burada dinleyiciye ""zihnini sustur"" (mute) diyerek, mantıksal kaygıları bırakıp ""kalp ritmi"" gibi en organik ve ham gerçeğe dönmeyi öğütler."
"4941","i-dle","Mono","i-dle Mono Türkçe Çeviri","i-dle-mono-turkce-ceviri","https://www.acupoflyrics.com/i-dle-mono-turkce-ceviri/","english_gloss_inside_translation","Chorus: Minnie / satır 5: Bu kısım, şarkının kapsayıcılık (inclusivity) zirvesidir. İkili (binary) sistemlerin (sağ/sol, doğu/batı, hetero/gay) ötesinde bir insanlık tanımı yapar. i-dle, özellikle K-pop'un daha muhafazakar kalabildiği alanlarda LGBTQ+ haklarına ve sevginin her halinin değerli olduğuna dair net bir tavır sergiler."
"4941","i-dle","Mono","i-dle Mono Türkçe Çeviri","i-dle-mono-turkce-ceviri","https://www.acupoflyrics.com/i-dle-mono-turkce-ceviri/","english_gloss_inside_translation","Chorus: Miyeon, Soyeon / satır 5: Şarkının ana mottosu buradadır. Mono, sesi tek bir kanaldan en saf haliyle iletmek demektir. ""Efektleri kapatmak"", idol dünyasının yapay parıltısından kurtulup ""öz""e (essence) ulaşmayı simgeler. Müzikolojik bir perspektiften, etkinin artması için katman sayısının azaltılması gerektiğini savunur."
"4941","i-dle","Mono","i-dle Mono Türkçe Çeviri","i-dle-mono-turkce-ceviri","https://www.acupoflyrics.com/i-dle-mono-turkce-ceviri/","english_gloss_inside_translation","Post-Chorus: Soyeon, Shuhua / satır 8: Shuhua'nın ""Lalala"" kullanımı grubun imzalarından biridir; kelimelerin yetmediği yerde duygunun sesle aktarılmasını sağlar. Aşkın ""Mono'da daha yüksek sesli"" olması, dış gürültüler (stereo parazitler) sustuğunda gerçek sevginin çok daha berrak duyulacağı anlamını taşır."
"4941","i-dle","Mono","i-dle Mono Türkçe Çeviri","i-dle-mono-turkce-ceviri","https://www.acupoflyrics.com/i-dle-mono-turkce-ceviri/","english_gloss_inside_translation","Bridge: Shuhua, Minnie, Miyeon / satır 5: Bridge bölümü, insani dramlardan ve karmaşadan (""suçlamak"", ""pişmanlık"") yorulan bireyin her şeyi kapatıp (turn off) özüne dönme kararıdır. Şarkı burada en vurucu sorusunu sorar: Bunca gürültü içinde gerçekten kimi duyuyorsun? Kendini mi, yoksa başkalarını mı?"
"4941","i-dle","Mono","i-dle Mono Türkçe Çeviri","i-dle-mono-turkce-ceviri","https://www.acupoflyrics.com/i-dle-mono-turkce-ceviri/","english_gloss_inside_translation","Interlude: (Soyeon, Yuqi) / satır 5: Şarkının en devrimci kısmıdır. She/her, he/him ve they/them (cinsiyetsiz zamir) gibi kimlik tanımları üzerinden, bireyin kendini etiketlerin ötesinde ""kendi olarak"" görmesinin önemi vurgulanır. Soyeon'un felsefesiyle uyumlu olarak, aşkın ve kimliğin bir sınırı olmaması gerektiği, öz-sevginin (self-love) her şeyin anahtarı olduğu söylenir."
"4920","Harry Styles","Aperture","Harry Styles Aperture Türkçe Çeviri","harry-styles-aperture-turkce-ceviri","https://www.acupoflyrics.com/harry-styles-aperture-turkce-ceviri/","english_gloss_inside_translation","Verse 2 / satır 6: ""Time codes and Tokyo scenes"": Dijital video düzenlemedeki zaman sayaçları (time codes) ve neon ışıklarıyla ünlü Tokyo manzaraları, Styles'ın kopuk, sinematografik ve biraz da yalnız hissettiren hafızasını simgeler. Küresel şöhretin getirdiği ""kalabalıklar içindeki yalnızlık"" hissidir."
"4920","Harry Styles","Aperture","Harry Styles Aperture Türkçe Çeviri","harry-styles-aperture-turkce-ceviri","https://www.acupoflyrics.com/harry-styles-aperture-turkce-ceviri/","english_gloss_inside_translation","Pre-Chorus / satır 5: ""Aperture lets the light in"" : Fotoğraf makinesinin karanlık odasına (camera obscura) ışığın girmesi için diyaframın açılması gerekir. İnsan ruhu da benzerdir; korunaklı, kapalı ve karanlık kaldıkça güvendedir ancak ""görüntü"" (anlam/aşk) oluşamaz. Işığın girmesine izin vermek, aynı zamanda dış dünyanın tehlikelerine, yargılarına ve acılarına da açılmak demektir. Styles, Leonard Cohen'in ""Kusurlardan ışık sızar"" felsefesini teknik bir terimle yeniden üretir. Bu dize, kapalılıktan açıklığa geçişin ilanıdır."
"4920","Harry Styles","Aperture","Harry Styles Aperture Türkçe Çeviri","harry-styles-aperture-turkce-ceviri","https://www.acupoflyrics.com/harry-styles-aperture-turkce-ceviri/","english_gloss_inside_translation","Verse 3 / satır 5: ""Trap doors, you're toying with me"": Nakaratın iyimserliğinden sonra gelen bu bölüm, şüphenin geri dönüşünü simgeler. ""Trap doors"" (Tuzak kapıları), tiyatro sahnelerinde oyuncuların aniden kaybolmasını sağlayan gizli bölmelerdir. İlişkinin zemini sağlam değildir; her an ayaklarının altından kayabilir. ""Toying with me"" (benimle oynamak), partnerin bu belirsizliği bir güç oyunu olarak kullandığını hissettirir. Güven ve güvensizlik arasındaki ince çizgide yürünmektedir."
"4920","Harry Styles","Aperture","Harry Styles Aperture Türkçe Çeviri","harry-styles-aperture-turkce-ceviri","https://www.acupoflyrics.com/harry-styles-aperture-turkce-ceviri/","english_gloss_inside_translation","Bridge / satır 4: Şarkının kapanışında varoluşsal bir kriz ve derin bir özlem belirir. Zamanın geçiciliği (memento mori) sanatçıyı harekete zorlamaktadır. ""Güvende olmanın ne olduğunu bilmek istiyorum"" cümlesi, çocuk yaşta şöhret olmuş, hayatı sürekli kameralar önünde geçmiş birinin, gerçek bir ""güvenlik"" ve ""huzur"" hissine duyduğu açlığı ifade eder. Aşkın, ona hiç tatmadığı bu güvenliği verip veremeyeceğini sorgular. Bu, şöhretin getirdiği o büyük boşluğun (void) itirafıdır."
"4902","LNGSHOT","Moonwalkin'","LNGSHOT Moonwalkin' Türkçe Çeviri","lngshot-moonwalkin-turkce-ceviri","https://www.acupoflyrics.com/lngshot-moonwalkin-turkce-ceviri/","english_gloss_inside_translation","Giriş: Louis / satır 2: Şarkının başlığı ve ana metaforu. Michael Jackson'ın, ileri gidiyormuş gibi görünürken aslında geriye doğru kaydığı (veya tam tersi) ikonik dansı. Çabalasalarda karşıdan net cevap alamadıkları için, bir türlü ilerleyemediklerini söylüyor grup aslında."
"4809","ENHYPEN","Knife","ENHYPEN Knife Türkçe Çeviri","enhypen-knife-turkce-ceviri","https://www.acupoflyrics.com/enhypen-knife-turkce-ceviri/","section_line_count_mismatch","Chorus: orijinal 4, Türkçe 6"
"4809","ENHYPEN","Knife","ENHYPEN Knife Türkçe Çeviri","enhypen-knife-turkce-ceviri","https://www.acupoflyrics.com/enhypen-knife-turkce-ceviri/","section_line_count_mismatch","Verse 1: orijinal 4, Türkçe 6"
"4809","ENHYPEN","Knife","ENHYPEN Knife Türkçe Çeviri","enhypen-knife-turkce-ceviri","https://www.acupoflyrics.com/enhypen-knife-turkce-ceviri/","section_line_count_mismatch","Pre-Chorus: orijinal 4, Türkçe 6"
"4809","ENHYPEN","Knife","ENHYPEN Knife Türkçe Çeviri","enhypen-knife-turkce-ceviri","https://www.acupoflyrics.com/enhypen-knife-turkce-ceviri/","english_gloss_inside_translation","Pre-Chorus / satır 5: “패 (pae)” = oyun kartı / koz."
"4809","ENHYPEN","Knife","ENHYPEN Knife Türkçe Çeviri","enhypen-knife-turkce-ceviri","https://www.acupoflyrics.com/enhypen-knife-turkce-ceviri/","section_line_count_mismatch","Verse 2: orijinal 4, Türkçe 6"
"4809","ENHYPEN","Knife","ENHYPEN Knife Türkçe Çeviri","enhypen-knife-turkce-ceviri","https://www.acupoflyrics.com/enhypen-knife-turkce-ceviri/","section_line_count_mismatch","Outro: orijinal 2, Türkçe 4"
"4697","Ariana Grande","hate that i made you love me","Ariana Grande hate that i made you love me Türkçe Çeviri","ariana-grande-hate-that-i-made-you-love-me-turkce-ceviri","https://www.acupoflyrics.com/ariana-grande-hate-that-i-made-you-love-me-turkce-ceviri/","english_gloss_inside_translation","blok 10 / satır 2: Aslında olduğun yerde beni sevmen biraz ""tatlı"" (cute) sayılır..."
"4697","Ariana Grande","hate that i made you love me","Ariana Grande hate that i made you love me Türkçe Çeviri","ariana-grande-hate-that-i-made-you-love-me-turkce-ceviri","https://www.acupoflyrics.com/ariana-grande-hate-that-i-made-you-love-me-turkce-ceviri/","english_gloss_inside_translation","blok 10 / satır 3: Ama ben senin ne mal olduğunu (see right through) biliyorum;"
"4697","Ariana Grande","hate that i made you love me","Ariana Grande hate that i made you love me Türkçe Çeviri","ariana-grande-hate-that-i-made-you-love-me-turkce-ceviri","https://www.acupoflyrics.com/ariana-grande-hate-that-i-made-you-love-me-turkce-ceviri/","english_gloss_inside_translation","blok 10 / satır 4: Sadece o ayın önüne geçip ışığını kapatma (tutulma yapma),"
"4697","Ariana Grande","hate that i made you love me","Ariana Grande hate that i made you love me Türkçe Çeviri","ariana-grande-hate-that-i-made-you-love-me-turkce-ceviri","https://www.acupoflyrics.com/ariana-grande-hate-that-i-made-you-love-me-turkce-ceviri/","english_gloss_inside_translation","blok 14 / satır 4: Gerçekten benim suçum mu yani? Tüm kalbinizi bana vermeniz, tamamen kendi rızanızla (accord) değil miydi sanki?"
"4697","Ariana Grande","hate that i made you love me","Ariana Grande hate that i made you love me Türkçe Çeviri","ariana-grande-hate-that-i-made-you-love-me-turkce-ceviri","https://www.acupoflyrics.com/ariana-grande-hate-that-i-made-you-love-me-turkce-ceviri/","annotation_not_clickable_in_translation","bee stuck in honey"
"4697","Ariana Grande","hate that i made you love me","Ariana Grande hate that i made you love me Türkçe Çeviri","ariana-grande-hate-that-i-made-you-love-me-turkce-ceviri","https://www.acupoflyrics.com/ariana-grande-hate-that-i-made-you-love-me-turkce-ceviri/","annotation_not_clickable_in_translation","held your projections"
"4696","Drake","Janice STFU","Drake Janice STFU Türkçe Çeviri","drake-janice-stfu-turkce-ceviri","https://www.acupoflyrics.com/drake-janice-stfu-turkce-ceviri/","english_gloss_inside_translation","blok 2 / satır 2: Nihayet bir ara verdim ve şimdi kendimi bulutların üzerinde (ecstasy) hissediyorum."
"4696","Drake","Janice STFU","Drake Janice STFU Türkçe Çeviri","drake-janice-stfu-turkce-ceviri","https://www.acupoflyrics.com/drake-janice-stfu-turkce-ceviri/","english_gloss_inside_translation","blok 4 / satır 3: Bu işlerde daha çok yeniyim (green), bana öğretmen lazım;"
"4696","Drake","Janice STFU","Drake Janice STFU Türkçe Çeviri","drake-janice-stfu-turkce-ceviri","https://www.acupoflyrics.com/drake-janice-stfu-turkce-ceviri/","english_gloss_inside_translation","blok 4 / satır 7: Yemin ederim şu müzik şirketi artık beni salmalı (free me);"
"4696","Drake","Janice STFU","Drake Janice STFU Türkçe Çeviri","drake-janice-stfu-turkce-ceviri","https://www.acupoflyrics.com/drake-janice-stfu-turkce-ceviri/","english_gloss_inside_translation","blok 6 / satır 4: Siz ""eski toprakların"" (OG) ne mal olduğunu biliyoruz zaten; dostum, maskeniz düştü (the jig is up)!"
"4696","Drake","Janice STFU","Drake Janice STFU Türkçe Çeviri","drake-janice-stfu-turkce-ceviri","https://www.acupoflyrics.com/drake-janice-stfu-turkce-ceviri/","english_gloss_inside_translation","blok 10 / satır 3: Chicago (Chi-town) sokaklarında hap atıp operasyona (drill) çıkmalar, adam vurmalar falan..."
"4696","Drake","Janice STFU","Drake Janice STFU Türkçe Çeviri","drake-janice-stfu-turkce-ceviri","https://www.acupoflyrics.com/drake-janice-stfu-turkce-ceviri/","english_gloss_inside_translation","blok 10 / satır 9: Daha kaç kez ipek (silk) gibi asil olana ""yumuşak"" (soft) deyip duracaksınız?"
"4696","Drake","Janice STFU","Drake Janice STFU Türkçe Çeviri","drake-janice-stfu-turkce-ceviri","https://www.acupoflyrics.com/drake-janice-stfu-turkce-ceviri/","english_gloss_inside_translation","blok 10 / satır 15: Benim tarzım, benim ağırlığım (sauce and the spill) budur işte!"
"4696","Drake","Janice STFU","Drake Janice STFU Türkçe Çeviri","drake-janice-stfu-turkce-ceviri","https://www.acupoflyrics.com/drake-janice-stfu-turkce-ceviri/","english_gloss_inside_translation","blok 10 / satır 24: Kız mesaj atmış; ""Evet, evet, evet (oui oui)..."""
"4696","Drake","Janice STFU","Drake Janice STFU Türkçe Çeviri","drake-janice-stfu-turkce-ceviri","https://www.acupoflyrics.com/drake-janice-stfu-turkce-ceviri/","english_gloss_inside_translation","blok 10 / satır 26: Kardeşime de bir makine (whip) aldım;"
"4695","Shakira, Burna Boy","Dai Dai","Shakira, Burna Boy Dai Dai Türkçe Çeviri","shakira-dai-dai-turkce-ceviri","https://www.acupoflyrics.com/shakira-dai-dai-turkce-ceviri/","english_gloss_inside_translation","blok 6 / satır 7: Şimdi şana ve şerefe (glory) ulaşmak üzeresin;"
"4695","Shakira, Burna Boy","Dai Dai","Shakira, Burna Boy Dai Dai Türkçe Çeviri","shakira-dai-dai-turkce-ceviri","https://www.acupoflyrics.com/shakira-dai-dai-turkce-ceviri/","section_line_count_mismatch","blok 9: orijinal 8, Türkçe 6"
"4695","Shakira, Burna Boy","Dai Dai","Shakira, Burna Boy Dai Dai Türkçe Çeviri","shakira-dai-dai-turkce-ceviri","https://www.acupoflyrics.com/shakira-dai-dai-turkce-ceviri/","english_gloss_inside_translation","blok 10 / satır 2: Şimdi hakkını vererek yap (like you mean it),"
"4695","Shakira, Burna Boy","Dai Dai","Shakira, Burna Boy Dai Dai Türkçe Çeviri","shakira-dai-dai-turkce-ceviri","https://www.acupoflyrics.com/shakira-dai-dai-turkce-ceviri/","english_gloss_inside_translation","blok 10 / satır 5: Bildiğin gibi oyna (juega),"
"4695","Shakira, Burna Boy","Dai Dai","Shakira, Burna Boy Dai Dai Türkçe Çeviri","shakira-dai-dai-turkce-ceviri","https://www.acupoflyrics.com/shakira-dai-dai-turkce-ceviri/","section_line_count_mismatch","blok 19: orijinal 8, Türkçe 6"
"4695","Shakira, Burna Boy","Dai Dai","Shakira, Burna Boy Dai Dai Türkçe Çeviri","shakira-dai-dai-turkce-ceviri","https://www.acupoflyrics.com/shakira-dai-dai-turkce-ceviri/","english_gloss_inside_translation","blok 20 / satır 2: Şimdi hakkını vererek yap (like you mean it),"
"4695","Shakira, Burna Boy","Dai Dai","Shakira, Burna Boy Dai Dai Türkçe Çeviri","shakira-dai-dai-turkce-ceviri","https://www.acupoflyrics.com/shakira-dai-dai-turkce-ceviri/","english_gloss_inside_translation","blok 20 / satır 5: Bildiğin gibi oyna (juega),"
"4695","Shakira, Burna Boy","Dai Dai","Shakira, Burna Boy Dai Dai Türkçe Çeviri","shakira-dai-dai-turkce-ceviri","https://www.acupoflyrics.com/shakira-dai-dai-turkce-ceviri/","section_line_count_mismatch","blok 21: orijinal 8, Türkçe 6"
"4695","Shakira, Burna Boy","Dai Dai","Shakira, Burna Boy Dai Dai Türkçe Çeviri","shakira-dai-dai-turkce-ceviri","https://www.acupoflyrics.com/shakira-dai-dai-turkce-ceviri/","annotation_not_clickable_in_translation","Dai, dai, ikou"
"4695","Shakira, Burna Boy","Dai Dai","Shakira, Burna Boy Dai Dai Türkçe Çeviri","shakira-dai-dai-turkce-ceviri","https://www.acupoflyrics.com/shakira-dai-dai-turkce-ceviri/","annotation_not_clickable_in_translation","From the dirt and the tears"
"4694","Olivia Rodrigo","stupid song","Olivia Rodrigo stupid song Türkçe Çeviri","olivia-rodrigo-stupid-song-turkce-ceviri","https://www.acupoflyrics.com/olivia-rodrigo-stupid-song-turkce-ceviri/","section_line_count_mismatch","Verse 1: orijinal 6, Türkçe 8"
"4694","Olivia Rodrigo","stupid song","Olivia Rodrigo stupid song Türkçe Çeviri","olivia-rodrigo-stupid-song-turkce-ceviri","https://www.acupoflyrics.com/olivia-rodrigo-stupid-song-turkce-ceviri/","section_line_count_mismatch","Verse 2: orijinal 6, Türkçe 8"
"4693","Temper City","Self Aware","Temper City Self Aware Türkçe Çeviri","temper-city-self-aware-turkce-ceviri","https://www.acupoflyrics.com/temper-city-self-aware-turkce-ceviri/","english_gloss_inside_translation","blok 4 / satır 4: Sonunda beni ""söndüreceksin"" (put me out)."
"4693","Temper City","Self Aware","Temper City Self Aware Türkçe Çeviri","temper-city-self-aware-turkce-ceviri","https://www.acupoflyrics.com/temper-city-self-aware-turkce-ceviri/","english_gloss_inside_translation","blok 10 / satır 4: Çekim yasaları (laws of attraction);"
"4693","Temper City","Self Aware","Temper City Self Aware Türkçe Çeviri","temper-city-self-aware-turkce-ceviri","https://www.acupoflyrics.com/temper-city-self-aware-turkce-ceviri/","annotation_not_clickable_in_translation","God, you look so pretty"
"4692","Harry Styles","Matilda","Harry Styles Matilda Türkçe Çeviri","harry-styles-matilda-turkce-ceviri","https://www.acupoflyrics.com/harry-styles-matilda-turkce-ceviri/","english_gloss_inside_translation","Chorus / satır 1: Artık bunu serbest bırakabilirsin (let it go)..."
"4649","Stray Kids","CEREMONY","Stray Kids CEREMONY Türkçe Çeviri","stray-kids-ceremony-turkce-ceviri","https://www.acupoflyrics.com/stray-kids-ceremony-turkce-ceviri/","markdown_artifact_in_lyrics","blok 35 / satır 1: * ""Uju"" uzay, ""bung bung bung"" ise Korece'de havada uçma/süzülme sesini taklit eden bir yansıma sözcüktür. ""Bung bung bung"" sesini de Türkçe'de benzer bir titreşim hissi veren ""vùn vùn vùn"" ile karşılayarak orijinalin ses oyununu korumaya çalıştım."
"4489","KATSEYE","Gnarly","KATSEYE Gnarly Türkçe Çeviri","katseye-gnarly-turkce-ceviri","https://www.acupoflyrics.com/katseye-gnarly-turkce-ceviri/","english_gloss_inside_translation","blok 10 / satır 3: Her şey (acayip)"
"4489","KATSEYE","Gnarly","KATSEYE Gnarly Türkçe Çeviri","katseye-gnarly-turkce-ceviri","https://www.acupoflyrics.com/katseye-gnarly-turkce-ceviri/","english_gloss_inside_translation","blok 24 / satır 3: Her şey (acayip)"
"4483","TOMORROW X TOGETHER","Love Language","TOMORROW X TOGETHER Love Language Türkçe Çeviri","txt-love-language-turkce-ceviri","https://www.acupoflyrics.com/txt-love-language-turkce-ceviri/","markdown_artifact_in_lyrics","blok 19 / satır 1: *Kelime oyunu yapılmış. ""You-ology"" = ""sen bilimi"""
"4470","TABLO, RM","Stop The Rain","TABLO, RM Stop The Rain Türkçe Çeviri","tablo-rm-stop-the-rain-turkce-ceviri","https://www.acupoflyrics.com/tablo-rm-stop-the-rain-turkce-ceviri/","markdown_artifact_in_lyrics","blok 21 / satır 1: * 27 Club, genç yaşta ölen ünlü sanatçılara (Kurt Cobain, Amy Winehouse, Jimi Hendrix…) gönderme"
"4451","KAI","Wait On Me","KAI Wait On Me Türkçe Çeviri","kai-wait-on-me-turkce-ceviri","https://www.acupoflyrics.com/kai-wait-on-me-turkce-ceviri/","section_line_count_mismatch","blok 30: orijinal 4, Türkçe 2"
"4451","KAI","Wait On Me","KAI Wait On Me Türkçe Çeviri","kai-wait-on-me-turkce-ceviri","https://www.acupoflyrics.com/kai-wait-on-me-turkce-ceviri/","section_line_count_mismatch","blok 32: orijinal 5, Türkçe 2"
"4451","KAI","Wait On Me","KAI Wait On Me Türkçe Çeviri","kai-wait-on-me-turkce-ceviri","https://www.acupoflyrics.com/kai-wait-on-me-turkce-ceviri/","section_line_count_mismatch","blok 34: orijinal 5, Türkçe 2"
"4444","MEOVV","HANDS UP","MEOVV HANDS UP Türkçe Çeviri","meovv-hands-up-turkce-ceviri","https://www.acupoflyrics.com/meovv-hands-up-turkce-ceviri/","english_gloss_inside_translation","blok 2 / satır 1: Ben bu yoldan gideceğim, biz buna hazırız (we gotta)"
"4444","MEOVV","HANDS UP","MEOVV HANDS UP Türkçe Çeviri","meovv-hands-up-turkce-ceviri","https://www.acupoflyrics.com/meovv-hands-up-turkce-ceviri/","english_gloss_inside_translation","blok 16 / satır 1: Ben bu yoldan gideceğim, biz buna hazırız (we gotta)"
"4421","Ariana Grande","the boy is mine","Ariana Grande the boy is mine Türkçe Çeviri","ariana-grande-the-boy-is-mine-turkce-ceviri","https://www.acupoflyrics.com/ariana-grande-the-boy-is-mine-turkce-ceviri/","section_line_count_mismatch","blok 1: orijinal 6, Türkçe 8"
"4374","j-hope","MONA LISA","j-hope MONA LISA Türkçe Çeviri","j-hope-mona-lisa-turkce-ceviri","https://www.acupoflyrics.com/j-hope-mona-lisa-turkce-ceviri/","english_gloss_inside_translation","blok 4 / satır 6: Kızlarımı böyle severim (aynen)"
"4374","j-hope","MONA LISA","j-hope MONA LISA Türkçe Çeviri","j-hope-mona-lisa-turkce-ceviri","https://www.acupoflyrics.com/j-hope-mona-lisa-turkce-ceviri/","english_gloss_inside_translation","blok 18 / satır 1: Kızlarımı böyle severim (aynen)"
"4355","JENNIE","Starlight","JENNIE Starlight Türkçe Çeviri","jennie-starlight-turkce-ceviri","https://www.acupoflyrics.com/jennie-starlight-turkce-ceviri/","section_line_count_mismatch","blok 25: orijinal 2, Türkçe 5"
"4340","JENNIE, Childish Gambino, Kali Uchis","Damn Right","JENNIE, Childish Gambino, Kali Uchis Damn Right Türkçe Çeviri","jennie-childish-gambino-kali-uchis-damn-right-turkce-ceviri","https://www.acupoflyrics.com/jennie-childish-gambino-kali-uchis-damn-right-turkce-ceviri/","markdown_artifact_in_lyrics","blok 24 / satır 1: *İlişkiye girmekten bahsediyor."
"4340","JENNIE, Childish Gambino, Kali Uchis","Damn Right","JENNIE, Childish Gambino, Kali Uchis Damn Right Türkçe Çeviri","jennie-childish-gambino-kali-uchis-damn-right-turkce-ceviri","https://www.acupoflyrics.com/jennie-childish-gambino-kali-uchis-damn-right-turkce-ceviri/","possible_unnecessary_censorship","blok 25 / satır 4: A lot of n*ggas thought that they was workin' (You make me feel so good)"
"4299","G-DRAGON","GYRO-DROP","G-DRAGON GYRO-DROP Türkçe Çeviri","g-dragon-gyro-drop-turkce-ceviri","https://www.acupoflyrics.com/g-dragon-gyro-drop-turkce-ceviri/","possible_unnecessary_censorship","blok 1 / satır 3: The way you **** me, baby"
"4299","G-DRAGON","GYRO-DROP","G-DRAGON GYRO-DROP Türkçe Çeviri","g-dragon-gyro-drop-turkce-ceviri","https://www.acupoflyrics.com/g-dragon-gyro-drop-turkce-ceviri/","possible_unnecessary_censorship","blok 3 / satır 3: The way you **** me, baby"
"4299","G-DRAGON","GYRO-DROP","G-DRAGON GYRO-DROP Türkçe Çeviri","g-dragon-gyro-drop-turkce-ceviri","https://www.acupoflyrics.com/g-dragon-gyro-drop-turkce-ceviri/","possible_unnecessary_censorship","blok 13 / satır 3: The way you **** me, baby"
"4299","G-DRAGON","GYRO-DROP","G-DRAGON GYRO-DROP Türkçe Çeviri","g-dragon-gyro-drop-turkce-ceviri","https://www.acupoflyrics.com/g-dragon-gyro-drop-turkce-ceviri/","possible_unnecessary_censorship","blok 15 / satır 3: The way you **** me, baby"
"4299","G-DRAGON","GYRO-DROP","G-DRAGON GYRO-DROP Türkçe Çeviri","g-dragon-gyro-drop-turkce-ceviri","https://www.acupoflyrics.com/g-dragon-gyro-drop-turkce-ceviri/","possible_unnecessary_censorship","blok 25 / satır 3: The way you **** me, baby"
"4299","G-DRAGON","GYRO-DROP","G-DRAGON GYRO-DROP Türkçe Çeviri","g-dragon-gyro-drop-turkce-ceviri","https://www.acupoflyrics.com/g-dragon-gyro-drop-turkce-ceviri/","possible_unnecessary_censorship","blok 27 / satır 3: The way you **** me, baby"
"4299","G-DRAGON","GYRO-DROP","G-DRAGON GYRO-DROP Türkçe Çeviri","g-dragon-gyro-drop-turkce-ceviri","https://www.acupoflyrics.com/g-dragon-gyro-drop-turkce-ceviri/","possible_unnecessary_censorship","blok 29 / satır 3: The way you **** me, baby"
"4299","G-DRAGON","GYRO-DROP","G-DRAGON GYRO-DROP Türkçe Çeviri","g-dragon-gyro-drop-turkce-ceviri","https://www.acupoflyrics.com/g-dragon-gyro-drop-turkce-ceviri/","possible_unnecessary_censorship","blok 31 / satır 3: The way you **** me, baby"
"4205","LISA","BADGRRRL","LISA BADGRRRL Türkçe Çeviri","lisa-badgrrrl-turkce-ceviri","https://www.acupoflyrics.com/lisa-badgrrrl-turkce-ceviri/","english_gloss_inside_translation","blok 6 / satır 2: Sadece sana gelmeye çalışıyorum (evet)"
"4205","LISA","BADGRRRL","LISA BADGRRRL Türkçe Çeviri","lisa-badgrrrl-turkce-ceviri","https://www.acupoflyrics.com/lisa-badgrrrl-turkce-ceviri/","english_gloss_inside_translation","blok 18 / satır 2: Sadece sana gelmeye çalışıyorum (evet)"
"4192","LISA","Thunder","LISA Thunder Türkçe Çeviri","lisa-thunder-turkce-ceviri","https://www.acupoflyrics.com/lisa-thunder-turkce-ceviri/","english_gloss_inside_translation","blok 4 / satır 6: Kenara çekilin, geliyorum şimdi (evet)"
"4192","LISA","Thunder","LISA Thunder Türkçe Çeviri","lisa-thunder-turkce-ceviri","https://www.acupoflyrics.com/lisa-thunder-turkce-ceviri/","markdown_artifact_in_lyrics","blok 7 / satır 1: *(alter ego: içimdeki başka karakter)"
"4168","JENNIE, Doechii","ExtraL","JENNIE, Doechii ExtraL Türkçe Çeviri","jennie-doechii-extral-turkce-ceviri","https://www.acupoflyrics.com/jennie-doechii-extral-turkce-ceviri/","possible_unnecessary_censorship","blok 16 / satır 2: Bana haklarımı ver, bana mücadele, cesaret ver, bana bi' a*cık ver, sonra bak nasıl hükmediyorum"
"4036","The Weeknd","I Can't Wait To Get There","The Weeknd I Can't Wait To Get There Türkçe Çeviri","the-weeknd-i-cant-wait-to-get-there-turkce-ceviri","https://www.acupoflyrics.com/the-weeknd-i-cant-wait-to-get-there-turkce-ceviri/","possible_unnecessary_censorship","blok 7 / satır 3: Might connect to my fathеr, I don't know that n*gga"
"4036","The Weeknd","I Can't Wait To Get There","The Weeknd I Can't Wait To Get There Türkçe Çeviri","the-weeknd-i-cant-wait-to-get-there-turkce-ceviri","https://www.acupoflyrics.com/the-weeknd-i-cant-wait-to-get-there-turkce-ceviri/","english_gloss_inside_translation","blok 10 / satır 3: Biliyorum (biliyorum)"
"4036","The Weeknd","I Can't Wait To Get There","The Weeknd I Can't Wait To Get There Türkçe Çeviri","the-weeknd-i-cant-wait-to-get-there-turkce-ceviri","https://www.acupoflyrics.com/the-weeknd-i-cant-wait-to-get-there-turkce-ceviri/","english_gloss_inside_translation","blok 10 / satır 4: Bilmediğimi sansalar da biliyorum (biliyorum)"
"4036","The Weeknd","I Can't Wait To Get There","The Weeknd I Can't Wait To Get There Türkçe Çeviri","the-weeknd-i-cant-wait-to-get-there-turkce-ceviri","https://www.acupoflyrics.com/the-weeknd-i-cant-wait-to-get-there-turkce-ceviri/","english_gloss_inside_translation","blok 10 / satır 5: Biliyorum (biliyorum)"
"4022","The Weeknd, Future","Enjoy The Show","The Weeknd, Future Enjoy The Show Türkçe Çeviri","the-weeknd-enjoy-the-show-turkce-ceviri-ft-future","https://www.acupoflyrics.com/the-weeknd-enjoy-the-show-turkce-ceviri-ft-future/","possible_unnecessary_censorship","blok 19 / satır 1: Ain't doin' no cappin', ain't with all that cappin', ain't nothin' like these rap n*ggas"
"4022","The Weeknd, Future","Enjoy The Show","The Weeknd, Future Enjoy The Show Türkçe Çeviri","the-weeknd-enjoy-the-show-turkce-ceviri-ft-future","https://www.acupoflyrics.com/the-weeknd-enjoy-the-show-turkce-ceviri-ft-future/","possible_unnecessary_censorship","blok 19 / satır 2: I done been 'round the globe, fuckin' these hoes, still actin' like a trap n*gga"
"4022","The Weeknd, Future","Enjoy The Show","The Weeknd, Future Enjoy The Show Türkçe Çeviri","the-weeknd-enjoy-the-show-turkce-ceviri-ft-future","https://www.acupoflyrics.com/the-weeknd-enjoy-the-show-turkce-ceviri-ft-future/","possible_unnecessary_censorship","blok 27 / satır 3: Got a n*gga nose sniffin', need a box of Kleenex"
"3909","Dua Lipa","Levitating","Dua Lipa Levitating Türkçe Çeviri","dua-lipa-levitating-turkce-ceviri","https://www.acupoflyrics.com/dua-lipa-levitating-turkce-ceviri/","english_gloss_inside_translation","blok 2 / satır 3: İçime doğmuştu (premonition), bir ritme kapılacağımız;"
"3909","Dua Lipa","Levitating","Dua Lipa Levitating Türkçe Çeviri","dua-lipa-levitating-turkce-ceviri","https://www.acupoflyrics.com/dua-lipa-levitating-turkce-ceviri/","english_gloss_inside_translation","blok 4 / satır 3: Eğer biraz eşlik edilmeye (sohbete) ihtiyacın varsa;"
"3909","Dua Lipa","Levitating","Dua Lipa Levitating Türkçe Çeviri","dua-lipa-levitating-turkce-ceviri","https://www.acupoflyrics.com/dua-lipa-levitating-turkce-ceviri/","english_gloss_inside_translation","blok 6 / satır 2: Tatlı belam (sugarboo), ayaklarım yerden kesiliyor!"
"3909","Dua Lipa","Levitating","Dua Lipa Levitating Türkçe Çeviri","dua-lipa-levitating-turkce-ceviri","https://www.acupoflyrics.com/dua-lipa-levitating-turkce-ceviri/","english_gloss_inside_translation","blok 6 / satır 3: Samanyolu’nda kural tanımıyoruz (renegading);"
"3909","Dua Lipa","Levitating","Dua Lipa Levitating Türkçe Çeviri","dua-lipa-levitating-turkce-ceviri","https://www.acupoflyrics.com/dua-lipa-levitating-turkce-ceviri/","english_gloss_inside_translation","blok 16 / satır 2: Tatlı belam (sugarboo), ayaklarım yerden kesiliyor!"
"3909","Dua Lipa","Levitating","Dua Lipa Levitating Türkçe Çeviri","dua-lipa-levitating-turkce-ceviri","https://www.acupoflyrics.com/dua-lipa-levitating-turkce-ceviri/","english_gloss_inside_translation","blok 16 / satır 3: Samanyolu’nda kural tanımıyoruz (renegading);"
"3909","Dua Lipa","Levitating","Dua Lipa Levitating Türkçe Çeviri","dua-lipa-levitating-turkce-ceviri","https://www.acupoflyrics.com/dua-lipa-levitating-turkce-ceviri/","english_gloss_inside_translation","blok 26 / satır 1: Aşkım bir roket gibi, izle fırlatışını (blast off);"
"3909","Dua Lipa","Levitating","Dua Lipa Levitating Türkçe Çeviri","dua-lipa-levitating-turkce-ceviri","https://www.acupoflyrics.com/dua-lipa-levitating-turkce-ceviri/","english_gloss_inside_translation","blok 30 / satır 2: Tatlı belam (sugarboo), ayaklarım yerden kesiliyor!"
"3909","Dua Lipa","Levitating","Dua Lipa Levitating Türkçe Çeviri","dua-lipa-levitating-turkce-ceviri","https://www.acupoflyrics.com/dua-lipa-levitating-turkce-ceviri/","english_gloss_inside_translation","blok 30 / satır 3: Samanyolu’nda kural tanımıyoruz (renegading);"
"3909","Dua Lipa","Levitating","Dua Lipa Levitating Türkçe Çeviri","dua-lipa-levitating-turkce-ceviri","https://www.acupoflyrics.com/dua-lipa-levitating-turkce-ceviri/","annotation_not_clickable_in_translation","dance my ass off"
"3691","MEOVV","BODY","MEOVV BODY Türkçe Çeviri","meovv-body-turkce-ceviri","https://www.acupoflyrics.com/meovv-body-turkce-ceviri/","section_line_count_mismatch","blok 15: orijinal 5, Türkçe 7"
"3654","ATEEZ","Ice On My Teeth","ATEEZ Ice On My Teeth Türkçe Çeviri","ateez-ice-on-my-teeth-turkce-ceviri","https://www.acupoflyrics.com/ateez-ice-on-my-teeth-turkce-ceviri/","markdown_artifact_in_lyrics","blok 3 / satır 1: *""Grand Slam"", teniste en prestijli turnuvalara verilen ad."
"3554","BABYMONSTER","DRIP","BABYMONSTER DRIP Türkçe Çeviri","babymonster-drip-turkce-ceviri","https://www.acupoflyrics.com/babymonster-drip-turkce-ceviri/","english_gloss_inside_translation","blok 12 / satır 3: Bebeğim, ben tarz sahibiyim (tarz), tarz (tarz), tarz (tarz), tarz"
"3554","BABYMONSTER","DRIP","BABYMONSTER DRIP Türkçe Çeviri","babymonster-drip-turkce-ceviri","https://www.acupoflyrics.com/babymonster-drip-turkce-ceviri/","english_gloss_inside_translation","blok 12 / satır 4: Bebeğim, ben tarz sahibiyim (tarz), tarz (tarz), tarz (tarz), tarz"
"3554","BABYMONSTER","DRIP","BABYMONSTER DRIP Türkçe Çeviri","babymonster-drip-turkce-ceviri","https://www.acupoflyrics.com/babymonster-drip-turkce-ceviri/","english_gloss_inside_translation","blok 24 / satır 3: Bebeğim, ben tarz sahibiyim (tarz), tarz (tarz), tarz (tarz), tarz"
"3554","BABYMONSTER","DRIP","BABYMONSTER DRIP Türkçe Çeviri","babymonster-drip-turkce-ceviri","https://www.acupoflyrics.com/babymonster-drip-turkce-ceviri/","english_gloss_inside_translation","blok 24 / satır 4: Bebeğim, ben tarz sahibiyim (tarz), tarz (tarz), tarz (tarz), tarz"
"3538","G-DRAGON","POWER","G-DRAGON POWER Türkçe Çeviri","g-dragon-power-turkce-ceviri","https://www.acupoflyrics.com/g-dragon-power-turkce-ceviri/","english_gloss_inside_translation","blok 10 / satır 1: Selam-Hey-Nasılsın, benim adım (bilinen)"
"3538","G-DRAGON","POWER","G-DRAGON POWER Türkçe Çeviri","g-dragon-power-turkce-ceviri","https://www.acupoflyrics.com/g-dragon-power-turkce-ceviri/","markdown_artifact_in_lyrics","blok 19 / satır 1: *'G' hem G-DRAGON'ın baş harfine"
"3533","The Weeknd, Anitta","São Paulo","The Weeknd, Anitta São Paulo Türkçe Çeviri","the-weeknd-anitta-sao-paulo-turkce-ceviri","https://www.acupoflyrics.com/the-weeknd-anitta-sao-paulo-turkce-ceviri/","possible_unnecessary_censorship","blok 4 / satır 2: Bugün bu genç çocuğa vereceğim, s*kecek, s*kecek küçük Larissa'yı*"
"3533","The Weeknd, Anitta","São Paulo","The Weeknd, Anitta São Paulo Türkçe Çeviri","the-weeknd-anitta-sao-paulo-turkce-ceviri","https://www.acupoflyrics.com/the-weeknd-anitta-sao-paulo-turkce-ceviri/","possible_unnecessary_censorship","blok 4 / satır 4: Bugün bu genç çocuğa vereceğim, s*kecek, s*kecek küçük Larissa'yı"
"3533","The Weeknd, Anitta","São Paulo","The Weeknd, Anitta São Paulo Türkçe Çeviri","the-weeknd-anitta-sao-paulo-turkce-ceviri","https://www.acupoflyrics.com/the-weeknd-anitta-sao-paulo-turkce-ceviri/","markdown_artifact_in_lyrics","blok 5 / satır 1: *Larissinha; ''küçük Larissa'' demek. Larissa, Anitta'nın gerçek adı. Anitta katıldığı bir programda vajinasının adının larissinha olduğunu söylemişti."
"3533","The Weeknd, Anitta","São Paulo","The Weeknd, Anitta São Paulo Türkçe Çeviri","the-weeknd-anitta-sao-paulo-turkce-ceviri","https://www.acupoflyrics.com/the-weeknd-anitta-sao-paulo-turkce-ceviri/","possible_unnecessary_censorship","blok 11 / satır 3: (Azdırıyorsun beni) Bugün bu genç çocuğa vereceğim, s*kecek, s*kecek küçük Larissa'yı"
"3533","The Weeknd, Anitta","São Paulo","The Weeknd, Anitta São Paulo Türkçe Çeviri","the-weeknd-anitta-sao-paulo-turkce-ceviri","https://www.acupoflyrics.com/the-weeknd-anitta-sao-paulo-turkce-ceviri/","possible_unnecessary_censorship","blok 11 / satır 5: Bugün bu genç çocuğa vereceğim, s*kecek, s*kecek küçük Larissa'yı (Azdırıyorsun beni)"
"3529","BABYMONSTER","CLIK CLAK","BABYMONSTER CLIK CLAK Türkçe Çeviri","babymonster-clik-clak-turkce-ceviri","https://www.acupoflyrics.com/babymonster-clik-clak-turkce-ceviri/","markdown_artifact_in_lyrics","blok 30 / satır 1: *(Burada kelime oyunu var: ""flossing"" hem diş ipi kullanmak hem de zenginliği gösteriş yapmak anlamında kullanılıyor)"
"3523","Megan Thee Stallion, TWICE","Mamushi (Remix)","Megan Thee Stallion, TWICE Mamushi (Remix) Türkçe Çeviri","megan-thee-stallion-twice-mamushi-turkce-ceviri","https://www.acupoflyrics.com/megan-thee-stallion-twice-mamushi-turkce-ceviri/","possible_unnecessary_censorship","blok 10 / satır 2: Şimdi dön de şu benden nefret eden or*spuya anlat bir de çünkü sürekli beni telefonumdan rahatsız ediyorlar"
"3400","J. Cole, Cults, Amber Coffman","She Knows","J. Cole, Cults, Amber Coffman She Knows Türkçe Çeviri","jcole-she-knows-turkce-ceviri","https://www.acupoflyrics.com/jcole-she-knows-turkce-ceviri/","possible_unnecessary_censorship","blok 9 / satır 1: What these bitches want from a n*gga?"
"3400","J. Cole, Cults, Amber Coffman","She Knows","J. Cole, Cults, Amber Coffman She Knows Türkçe Çeviri","jcole-she-knows-turkce-ceviri","https://www.acupoflyrics.com/jcole-she-knows-turkce-ceviri/","possible_unnecessary_censorship","blok 9 / satır 3: I know them other n*ggas love tricking"
"3400","J. Cole, Cults, Amber Coffman","She Knows","J. Cole, Cults, Amber Coffman She Knows Türkçe Çeviri","jcole-she-knows-turkce-ceviri","https://www.acupoflyrics.com/jcole-she-knows-turkce-ceviri/","possible_unnecessary_censorship","blok 21 / satır 1: What she—What she want from a n*gga?"
"3400","J. Cole, Cults, Amber Coffman","She Knows","J. Cole, Cults, Amber Coffman She Knows Türkçe Çeviri","jcole-she-knows-turkce-ceviri","https://www.acupoflyrics.com/jcole-she-knows-turkce-ceviri/","possible_unnecessary_censorship","blok 31 / satır 1: N*ggas say, ""Turn up,"" hoes say, ""Turn up"""
"3400","J. Cole, Cults, Amber Coffman","She Knows","J. Cole, Cults, Amber Coffman She Knows Türkçe Çeviri","jcole-she-knows-turkce-ceviri","https://www.acupoflyrics.com/jcole-she-knows-turkce-ceviri/","possible_unnecessary_censorship","blok 31 / satır 3: N*ggas say, ""Turn up,"" hoes say, ""Turn up"""
"3383","The Weeknd, Playboi Carti","Timeless","The Weeknd, Playboi Carti Timeless Türkçe Çeviri","the-weeknd-playboi-carti-timeless-turkce-ceviri","https://www.acupoflyrics.com/the-weeknd-playboi-carti-timeless-turkce-ceviri/","possible_unnecessary_censorship","blok 23 / satır 4: Let it breathe, n*ggas scheme"
"3353","ZAYN, Sia","Dusk Till Dawn","ZAYN, Sia Dusk Till Dawn Türkçe Çeviri","zayn-sia-dusk-till-dawn-turkce-ceviri","https://www.acupoflyrics.com/zayn-sia-dusk-till-dawn-turkce-ceviri/","footnote_marker_inside_translation","blok 16 / satır 2: Fermuarını çek (1)"
"3353","ZAYN, Sia","Dusk Till Dawn","ZAYN, Sia Dusk Till Dawn Türkçe Çeviri","zayn-sia-dusk-till-dawn-turkce-ceviri","https://www.acupoflyrics.com/zayn-sia-dusk-till-dawn-turkce-ceviri/","editorial_note_inside_lyrics","blok 37 / satır 1: Sözlerin Anlamları:"
"3333","YEONJUN","GGUM","YEONJUN GGUM Türkçe Çeviri","yeonjun-ggum-turkce-ceviri","https://www.acupoflyrics.com/yeonjun-ggum-turkce-ceviri/","footnote_marker_inside_translation","blok 2 / satır 1: Evet, yapıştırıyorum sakız gibi cakkıdı cakkıdı(1)"
"3333","YEONJUN","GGUM","YEONJUN GGUM Türkçe Çeviri","yeonjun-ggum-turkce-ceviri","https://www.acupoflyrics.com/yeonjun-ggum-turkce-ceviri/","footnote_marker_inside_translation","blok 2 / satır 4: Çenem kitlense de patlatmaya devam edeceğim (2)"
"3333","YEONJUN","GGUM","YEONJUN GGUM Türkçe Çeviri","yeonjun-ggum-turkce-ceviri","https://www.acupoflyrics.com/yeonjun-ggum-turkce-ceviri/","footnote_marker_inside_translation","blok 4 / satır 1: Cakkıdı cakkıdı, cakkıdı cakkıdı (3)"
"3333","YEONJUN","GGUM","YEONJUN GGUM Türkçe Çeviri","yeonjun-ggum-turkce-ceviri","https://www.acupoflyrics.com/yeonjun-ggum-turkce-ceviri/","footnote_marker_inside_translation","blok 14 / satır 1: Evet, yapıştırıyorum sakız gibi cakkıdı cakkıdı(1)"
"3333","YEONJUN","GGUM","YEONJUN GGUM Türkçe Çeviri","yeonjun-ggum-turkce-ceviri","https://www.acupoflyrics.com/yeonjun-ggum-turkce-ceviri/","footnote_marker_inside_translation","blok 14 / satır 4: Çenem kitlense de patlatmaya devam edeceğim (2)"
"3333","YEONJUN","GGUM","YEONJUN GGUM Türkçe Çeviri","yeonjun-ggum-turkce-ceviri","https://www.acupoflyrics.com/yeonjun-ggum-turkce-ceviri/","footnote_marker_inside_translation","blok 20 / satır 4: Venom gibi, çıkaramazsın aklından (4)"
"3333","YEONJUN","GGUM","YEONJUN GGUM Türkçe Çeviri","yeonjun-ggum-turkce-ceviri","https://www.acupoflyrics.com/yeonjun-ggum-turkce-ceviri/","footnote_marker_inside_translation","blok 26 / satır 1: Evet, yapıştırıyorum sakız gibi cakkıdı cakkıdı(1)"
"3333","YEONJUN","GGUM","YEONJUN GGUM Türkçe Çeviri","yeonjun-ggum-turkce-ceviri","https://www.acupoflyrics.com/yeonjun-ggum-turkce-ceviri/","footnote_marker_inside_translation","blok 26 / satır 4: Çenem kitlense de patlatmaya devam edeceğim (2)"
"3333","YEONJUN","GGUM","YEONJUN GGUM Türkçe Çeviri","yeonjun-ggum-turkce-ceviri","https://www.acupoflyrics.com/yeonjun-ggum-turkce-ceviri/","footnote_marker_inside_translation","blok 30 / satır 1: Evet, yapıştırıyorum sakız gibi cakkıdı cakkıdı(1)"
"3333","YEONJUN","GGUM","YEONJUN GGUM Türkçe Çeviri","yeonjun-ggum-turkce-ceviri","https://www.acupoflyrics.com/yeonjun-ggum-turkce-ceviri/","footnote_marker_inside_translation","blok 30 / satır 4: Çenem kitlense de patlatmaya devam edeceğim (2)"
"3333","YEONJUN","GGUM","YEONJUN GGUM Türkçe Çeviri","yeonjun-ggum-turkce-ceviri","https://www.acupoflyrics.com/yeonjun-ggum-turkce-ceviri/","editorial_note_inside_lyrics","blok 33 / satır 1: Sözlerin Anlamları:"
"3277","Katy Perry, Kanye West","E.T.","Katy Perry, Kanye West E.T. Türkçe Çeviri","katy-perry-kanye-west-et-turkce-ceviri","https://www.acupoflyrics.com/katy-perry-kanye-west-et-turkce-ceviri/","english_gloss_inside_translation","blok 2 / satır 1: Aklım kirli (edepsiz), yollarım da öyle"
"2989","Agust D","The Last","Agust D The Last Türkçe Çeviri","agust-d-the-last-turkce-ceviri","https://www.acupoflyrics.com/agust-d-the-last-turkce-ceviri/","section_line_count_mismatch","blok 21: orijinal 6, Türkçe 4"
"2938","Rihanna","Man Down","Rihanna Man Down Türkçe Çeviri","rihanna-man-down-turkce-ceviri","https://www.acupoflyrics.com/rihanna-man-down-turkce-ceviri/","english_gloss_inside_translation","blok 8 / satır 1: Çünkü canını yakmak istemezdim (onun)"
"2938","Rihanna","Man Down","Rihanna Man Down Türkçe Çeviri","rihanna-man-down-turkce-ceviri","https://www.acupoflyrics.com/rihanna-man-down-turkce-ceviri/","possible_unnecessary_censorship","blok 29 / satır 3: And end a n*gga, end a n*gga life so soon?"
"2929","BTS","Cypher Pt.4","BTS Cypher Pt.4 Türkçe Çeviri","bts-cypher-pt4-turkce-ceviri","https://www.acupoflyrics.com/bts-cypher-pt4-turkce-ceviri/","section_line_count_mismatch","blok 19: orijinal 7, Türkçe 5"
"2916","BTS, Supreme Boi","Cypher Pt.3: Killer","BTS, Supreme Boi Cypher Pt.3: Killer Türkçe Çeviri","bts-cypher-pt3-turkce-ceviri","https://www.acupoflyrics.com/bts-cypher-pt3-turkce-ceviri/","section_line_count_mismatch","blok 5: orijinal 10, Türkçe 7"
"2916","BTS, Supreme Boi","Cypher Pt.3: Killer","BTS, Supreme Boi Cypher Pt.3: Killer Türkçe Çeviri","bts-cypher-pt3-turkce-ceviri","https://www.acupoflyrics.com/bts-cypher-pt3-turkce-ceviri/","section_line_count_mismatch","blok 9: orijinal 9, Türkçe 7"
"2916","BTS, Supreme Boi","Cypher Pt.3: Killer","BTS, Supreme Boi Cypher Pt.3: Killer Türkçe Çeviri","bts-cypher-pt3-turkce-ceviri","https://www.acupoflyrics.com/bts-cypher-pt3-turkce-ceviri/","section_line_count_mismatch","blok 19: orijinal 9, Türkçe 7"
"2916","BTS, Supreme Boi","Cypher Pt.3: Killer","BTS, Supreme Boi Cypher Pt.3: Killer Türkçe Çeviri","bts-cypher-pt3-turkce-ceviri","https://www.acupoflyrics.com/bts-cypher-pt3-turkce-ceviri/","section_line_count_mismatch","blok 33: orijinal 9, Türkçe 7"
"2883","BTS","Cypher Pt.2: Triptych","BTS Cypher Pt.2: Triptych Türkçe Çeviri","bts-cypher-pt2-turkce-ceviri","https://www.acupoflyrics.com/bts-cypher-pt2-turkce-ceviri/","section_line_count_mismatch","blok 5: orijinal 8, Türkçe 6"
"2883","BTS","Cypher Pt.2: Triptych","BTS Cypher Pt.2: Triptych Türkçe Çeviri","bts-cypher-pt2-turkce-ceviri","https://www.acupoflyrics.com/bts-cypher-pt2-turkce-ceviri/","section_line_count_mismatch","blok 27: orijinal 12, Türkçe 8"
"2883","BTS","Cypher Pt.2: Triptych","BTS Cypher Pt.2: Triptych Türkçe Çeviri","bts-cypher-pt2-turkce-ceviri","https://www.acupoflyrics.com/bts-cypher-pt2-turkce-ceviri/","section_line_count_mismatch","blok 31: orijinal 8, Türkçe 5"
"2822","Kendrick Lamar, Rihanna","LOYALTY.","Kendrick Lamar, Rihanna LOYALTY. Türkçe Çeviri","kendrick-lamar-rihanna-loyalty-turkce-ceviri","https://www.acupoflyrics.com/kendrick-lamar-rihanna-loyalty-turkce-ceviri/","possible_unnecessary_censorship","blok 2 / satır 4: Ooh, a*cığın öyle bi' iyi ki, uğruna can verilir (Yanıyorum)"
"2822","Kendrick Lamar, Rihanna","LOYALTY.","Kendrick Lamar, Rihanna LOYALTY. Türkçe Çeviri","kendrick-lamar-rihanna-loyalty-turkce-ceviri","https://www.acupoflyrics.com/kendrick-lamar-rihanna-loyalty-turkce-ceviri/","possible_unnecessary_censorship","blok 11 / satır 3: You can tell your n*gga he can meet me outside (Yeah)"
"2822","Kendrick Lamar, Rihanna","LOYALTY.","Kendrick Lamar, Rihanna LOYALTY. Türkçe Çeviri","kendrick-lamar-rihanna-loyalty-turkce-ceviri","https://www.acupoflyrics.com/kendrick-lamar-rihanna-loyalty-turkce-ceviri/","possible_unnecessary_censorship","blok 13 / satır 4: Honestly forever, all a real n*gga want"
"2790","SZA","Low","SZA Low Türkçe Çeviri","sza-low-turkce-ceviri","https://www.acupoflyrics.com/sza-low-turkce-ceviri/","possible_unnecessary_censorship","blok 8 / satır 3: Bu a*cık bana müthiş bi' özgürlük hissi veriyor."
"2351","Jung Kook","Too Sad to Dance","Jung Kook Too Sad to Dance Türkçe Çeviri","jung-kook-too-sad-to-dance-turkce-ceviri","https://www.acupoflyrics.com/jung-kook-too-sad-to-dance-turkce-ceviri/","section_line_count_mismatch","blok 15: orijinal 4, Türkçe 2"
